case_study,scenario,water_type,variable,value,unit,reference,source_or_use
test,baseline,test_water,flow,0.5,m3/s,nawi,source
test,baseline,test_water,tds,0.5,kg/m3,nawi,source
test,baseline,test_water,toc,0.0078,kg/m3,nawi,source
test_x,baseline,test_water,oil_and_grease,0.005,kg/m3,nawi,source
test_x,baseline,test_water,aluminum,0.00005,kg/m3,nawi,source
test_x,baseline,test_water,arsenic,0.0007,kg/m3,nawi,source
test_x,baseline,test_water,barium,0.005,kg/m3,nawi,source
test_x,baseline,test_water,beta_particles_and_photon_emitters,50,pCi/L,nawi,source
test_x,baseline,test_water,boron,0.0005,kg/m3,nawi,source
test_x,baseline,test_water,bromate,0.004,kg/m3,nawi,source
test_x,baseline,test_water,bromide,0.005,kg/m3,nawi,source
test_x,baseline,test_water,calcium,0.06,kg/m3,nawi,source
test_x,baseline,test_water,chloride,0.0003,kg/m3,nawi,source
test_x,baseline,test_water,chromium,0.000006,kg/m3,nawi,source
test_x,baseline,test_water,cyanide_as_free,0.005,kg/m3,nawi,source
test_x,baseline,test_water,electrical_conductivity,0.17,S/m,nawi,source
test_x,baseline,test_water,fluoride,0.000009,kg/m3,nawi,source
test_x,baseline,test_water,hardness,0.06,kg/m3,nawi,source
test_x,baseline,test_water,iron,0.0043,kg/m3,nawi,source
test_x,baseline,test_water,lead,0.076,kg/m3,nawi,source
test_x,baseline,test_water,magnesium,0.000088,kg/m3,nawi,source
test_x,baseline,test_water,manganese,0.0054,kg/m3,nawi,source
test_x,baseline,test_water,mercury,4.00E-11,kg/m3,nawi,source
test_x,baseline,test_water,nickel,0.0000736,kg/m3,nawi,source
test_x,baseline,test_water,nitrate,0.02,kg/m3,nawi,source
test_x,baseline,test_water,nitrate_as_nitrogen,0.01,kg/m3,nawi,source
test_x,baseline,test_water,nitrite_as_nitrogen,0.004,kg/m3,nawi,source
test_x,baseline,test_water,nitrogen,0.00045,kg/m3,nawi,source
test_x,baseline,test_water,ph_max,7.28,pH,nawi,source
test_x,baseline,test_water,ph_min,7.28,pH,nawi,source
test_x,baseline,test_water,phosphates,0.0006,kg/m3,nawi,source
test_x,baseline,test_water,potassium,0.0006,kg/m3,nawi,source
test_x,baseline,test_water,radium_226,3.4,pCi/L,nawi,source
test_x,baseline,test_water,radium_226_and_radium_228_combined,5,pCi/L,nawi,source
test_x,baseline,test_water,radium_228,1.6,pCi/L,nawi,source
test_x,baseline,test_water,selenium,0.0006,kg/m3,nawi,source
test_x,baseline,test_water,silicon,0.013,kg/m3,nawi,source
test_x,baseline,test_water,silver,0.00006,kg/m3,nawi,source
test_x,baseline,test_water,sodium,0.103,kg/m3,nawi,source
test_x,baseline,test_water,sulfate,0.00084,kg/m3,nawi,source
test_x,baseline,test_water,total_coliforms_fecal_ecoli,200,kg/m3,nawi,source
test_x,baseline,test_water,tss,0.006525,kg/m3,nawi,source
test_x,baseline,test_water,turbidity,0.0016,kg/m3,nawi,source
test_x,baseline,test_water,zinc,0.001,kg/m3,nawi,source
ashkelon,baseline,seawater,boron,0.00502857,kg/m3,nawi,source
ashkelon,baseline,seawater,bromide,0.07577143,kg/m3,nawi,source
ashkelon,baseline,seawater,calcium,0.46811429,kg/m3,nawi,source
ashkelon,baseline,seawater,chloride,21.8994286,kg/m3,nawi,source
ashkelon,baseline,seawater,flow,7.7819,m3/s,nawi,source
ashkelon,baseline,seawater,magnesium,1.46057143,kg/m3,nawi,source
ashkelon,baseline,seawater,ph_max,7,pH,nawi,source
ashkelon,baseline,seawater,ph_min,7,pH,nawi,source
ashkelon,baseline,seawater,potassium,0.45177143,kg/m3,nawi,source
ashkelon,baseline,seawater,sodium,12.2045714,kg/m3,nawi,source
ashkelon,baseline,seawater,strontium,0.00148571,kg/m3,nawi,source
ashkelon,baseline,seawater,sulfate,3.06285714,kg/m3,nawi,source
ashkelon,baseline,seawater,tds,40.7,kg/m3,nawi,source
ashkelon,baseline,seawater,tss,0.03428571,kg/m3,nawi,source
beef,baseline,beef_processing,bod30,1.288,kg/m3,nawi,source
beef,baseline,beef_processing,flow,0.253071,m3/s,nawi,source
beef,baseline,beef_processing,hardness,0.25,kg/m3,nawi,source
beef,baseline,beef_processing,nitrate,0.1345,kg/m3,nawi,source
beef,baseline,beef_processing,oil_and_grease,0.1875,kg/m3,nawi,source
beef,baseline,beef_processing,ph_max,7,pH,nawi,source
beef,baseline,beef_processing,ph_min,7,pH,nawi,source
beef,baseline,beef_processing,phosphates,0.097,kg/m3,nawi,source
beef,baseline,beef_processing,tds,1.5697,kg/m3,nawi,source
beef,baseline,beef_processing,tss,3.87,kg/m3,nawi,source
big_spring,baseline,big_spring_feed,calcium,0.08,kg/m3,nawi,source
big_spring,baseline,big_spring_feed,chloride,0.29792,kg/m3,nawi,source
big_spring,baseline,big_spring_feed,flow,0.075,m3/s,nawi,source
big_spring,baseline,big_spring_feed,hardness,0.31,kg/m3,nawi,source
big_spring,baseline,big_spring_feed,sodium,0.23158,kg/m3,nawi,source
big_spring,baseline,big_spring_feed,sulfate,0.19,kg/m3,nawi,source
big_spring,baseline,big_spring_feed,tds,2.257,kg/m3,nawi,source
big_spring,baseline,big_spring_feed,toc,0.0095,kg/m3,nawi,source
big_spring,baseline,big_spring_feed_x,aluminum,0.00000616,kg/m3,nawi,source
big_spring,baseline,big_spring_feed_x,arsenic,0.00000051,kg/m3,nawi,source
big_spring,baseline,big_spring_feed_x,barium,0.0000452,kg/m3,nawi,source
big_spring,baseline,big_spring_feed_x,boron,0.0004,kg/m3,nawi,source
big_spring,baseline,big_spring_feed_x,bromide,0.000001,kg/m3,nawi,source
big_spring,baseline,big_spring_feed_x,chromium,0.00000019,kg/m3,nawi,source
big_spring,baseline,big_spring_feed_x,cyanide_as_free,0.00000267,kg/m3,nawi,source
big_spring,baseline,big_spring_feed_x,electrical_conductivity,0.17,S/m,nawi,source
big_spring,baseline,big_spring_feed_x,fluoride,0.00097,kg/m3,nawi,source
big_spring,baseline,big_spring_feed_x,iron,0.000302,kg/m3,nawi,source
big_spring,baseline,big_spring_feed_x,lead,0.000001,kg/m3,nawi,source
big_spring,baseline,big_spring_feed_x,magnesium,0.02701,kg/m3,nawi,source
big_spring,baseline,big_spring_feed_x,manganese,0.0000526,kg/m3,nawi,source
big_spring,baseline,big_spring_feed_x,mercury,0.000001,kg/m3,nawi,source
big_spring,baseline,big_spring_feed_x,nickel,0.00000466,kg/m3,nawi,source
big_spring,baseline,big_spring_feed_x,nitrate_as_nitrogen,0.0086,kg/m3,nawi,source
big_spring,baseline,big_spring_feed_x,nitrite_as_nitrogen,0.00069,kg/m3,nawi,source
big_spring,baseline,big_spring_feed_x,ph_max,7.28,pH,nawi,source
big_spring,baseline,big_spring_feed_x,ph_min,7.28,pH,nawi,source
big_spring,baseline,big_spring_feed_x,phosphates,0.00052,kg/m3,nawi,source
big_spring,baseline,big_spring_feed_x,potassium,0.01897,kg/m3,nawi,source
big_spring,baseline,big_spring_feed_x,selenium,0.00000106,kg/m3,nawi,source
big_spring,baseline,big_spring_feed_x,silicon,0.02104,kg/m3,nawi,source
big_spring,baseline,big_spring_feed_x,silver,0.000001,kg/m3,nawi,source
big_spring,baseline,big_spring_feed_x,total_coliforms_fecal_ecoli,294.19623,kg/m3,nawi,source
big_spring,baseline,big_spring_feed_x,trihalomethanes,0.00000032,kg/m3,nawi,source
big_spring,baseline,big_spring_feed_x,tss,0.0065,kg/m3,nawi,source
big_spring,baseline,big_spring_feed_x,turbidity,0.0016,kg/m3,nawi,source
big_spring,baseline,big_spring_feed_x,zinc,0.0000153,kg/m3,nawi,source
carlsbad,baseline,seawater,boron,0.0044,kg/m3,nawi,source
carlsbad,baseline,seawater,bromide,0.0663,kg/m3,nawi,source
carlsbad,baseline,seawater,calcium,0.4096,kg/m3,nawi,source
carlsbad,baseline,seawater,chloride,19.162,kg/m3,nawi,source
carlsbad,baseline,seawater,flow,4.5833,m3/s,nawi,source
carlsbad,baseline,seawater,magnesium,1.278,kg/m3,nawi,source
carlsbad,baseline,seawater,ph_max,7,pH,nawi,source
carlsbad,baseline,seawater,ph_min,7,pH,nawi,source
carlsbad,baseline,seawater,potassium,0.3953,kg/m3,nawi,source
carlsbad,baseline,seawater,sodium,10.679,kg/m3,nawi,source
carlsbad,baseline,seawater,strontium,0.0013,kg/m3,nawi,source
carlsbad,baseline,seawater,sulfate,2.68,kg/m3,nawi,source
carlsbad,baseline,seawater,tds,35,kg/m3,nawi,source
carlsbad,baseline,seawater,tss,0.03,kg/m3,nawi,source
cherokee,baseline,cherokee_ct_makeup,flow,0.2145,m3/s,nawi,source
cherokee,baseline,cherokee_ct_makeup,tds,0.7326,kg/m3,nawi,source
cherokee,baseline,denver_city_water_x,copper,0.00028,kg/m3,nawi,source
cherokee,baseline,denver_city_water,flow,0.018005,m3/s,nawi,source
cherokee,baseline,denver_city_water_x,fluoride,0.00054,kg/m3,nawi,source
cherokee,baseline,denver_city_water_x,sodium,0.0148,kg/m3,nawi,source
cherokee,baseline,denver_city_water,tds,0.00023,kg/m3,nawi,source
cherokee,baseline,denver_city_water_x,aluminum,0.0000243,kg/m3,nawi,source
cherokee,baseline,denver_city_water_x,ammonia_nitrogen,0.000006,kg/m3,nawi,source
cherokee,baseline,denver_city_water_x,barium,0.0000307,kg/m3,nawi,source
cherokee,baseline,denver_city_water_x,haloacetic_acids,0.000015,kg/m3,nawi,source
cherokee,baseline,denver_city_water_x,lead,0.0000109,kg/m3,nawi,source
cherokee,baseline,denver_city_water_x,magnesium,0.00000488,kg/m3,nawi,source
cherokee,baseline,denver_city_water_x,nitrate,0.00002,kg/m3,nawi,source
cherokee,baseline,denver_city_water_x,trihalomethanes,0.0000246,kg/m3,nawi,source
cherokee,baseline,denver_city_water_x,turbidity,0.000135,kg/m3,nawi,source
damodar,baseline,powder_river_basin_cbm,alkalinity_as_caco3,0.8,kg/m3,nawi,source
damodar,baseline,powder_river_basin_cbm,aluminum,0.00007,kg/m3,nawi,source
damodar,baseline,powder_river_basin_cbm,barium,0.0007,kg/m3,nawi,source
damodar,baseline,powder_river_basin_cbm,bicarbonate_alkalinity_as_caco3,0.8,kg/m3,nawi,source
damodar,baseline,powder_river_basin_cbm,boron,0.0001,kg/m3,nawi,source
damodar,baseline,powder_river_basin_cbm,bromide,0.00022,kg/m3,nawi,source
damodar,baseline,powder_river_basin_cbm,calcium,0.03275,kg/m3,nawi,source
damodar,baseline,powder_river_basin_cbm,chloride,0.014,kg/m3,nawi,source
damodar,baseline,powder_river_basin_cbm,chromium,0.00019,kg/m3,nawi,source
damodar,baseline,powder_river_basin_cbm,copper,0.00013,kg/m3,nawi,source
damodar,baseline,powder_river_basin_cbm,electrical_conductivity,0.1995,S/m,nawi,source
damodar,baseline,powder_river_basin_cbm,flow,0.052167,m3/s,nawi,source
damodar,baseline,powder_river_basin_cbm,fluoride,0.00174,kg/m3,nawi,source
damodar,baseline,powder_river_basin_cbm,hardness,0.3,kg/m3,nawi,source
damodar,baseline,powder_river_basin_cbm,iron,0.00038,kg/m3,nawi,source
damodar,baseline,powder_river_basin_cbm,lithium,0.00009,kg/m3,nawi,source
damodar,baseline,powder_river_basin_cbm,magnesium,0.01475,kg/m3,nawi,source
damodar,baseline,powder_river_basin_cbm,manganese,0.00002,kg/m3,nawi,source
damodar,baseline,powder_river_basin_cbm,nickel,0.00004,kg/m3,nawi,source
damodar,baseline,powder_river_basin_cbm,ph_max,8,pH,nawi,source
damodar,baseline,powder_river_basin_cbm,ph_min,8,pH,nawi,source
damodar,baseline,powder_river_basin_cbm,potassium,0.036,kg/m3,nawi,source
damodar,baseline,powder_river_basin_cbm,radium_226_and_radium_228_combined,0.63,pCi/L,nawi,source
damodar,baseline,powder_river_basin_cbm,selenium,0.00004,kg/m3,nawi,source
damodar,baseline,powder_river_basin_cbm,silicon_dioxide,0.00589,kg/m3,nawi,source
damodar,baseline,powder_river_basin_cbm,sodium,0.314,kg/m3,nawi,source
damodar,baseline,powder_river_basin_cbm,strontium,0.00059,kg/m3,nawi,source
damodar,baseline,powder_river_basin_cbm,tds,1.23,kg/m3,nawi,source
damodar,baseline,powder_river_basin_cbm,tss,0.00915,kg/m3,nawi,source
damodar,baseline,powder_river_basin_cbm,zinc,0.00022,kg/m3,nawi,source
damodar,baseline,san_juan_cbm,alkalinity_as_caco3,3.181,kg/m3,nawi,source
damodar,baseline,san_juan_cbm,aluminum,0.00007,kg/m3,nawi,source
damodar,baseline,san_juan_cbm,barium,0.0108,kg/m3,nawi,source
damodar,baseline,san_juan_cbm,benzene,0.1497,kg/m3,nawi,source
damodar,baseline,san_juan_cbm,bicarbonate_alkalinity_as_caco3,3.38,kg/m3,nawi,source
damodar,baseline,san_juan_cbm,boron,0.0013,kg/m3,nawi,source
damodar,baseline,san_juan_cbm,bromide,0.00977,kg/m3,nawi,source
damodar,baseline,san_juan_cbm,calcium,0.05329,kg/m3,nawi,source
damodar,baseline,san_juan_cbm,chloride,0.624,kg/m3,nawi,source
damodar,baseline,san_juan_cbm,copper,0.00006,kg/m3,nawi,source
damodar,baseline,san_juan_cbm,dissolved_oxygen,0.00051,kg/m3,nawi,source
damodar,baseline,san_juan_cbm,electrical_conductivity,0.53,S/m,nawi,source
damodar,baseline,san_juan_cbm,ethylbenzene,0.0105,kg/m3,nawi,source
damodar,baseline,san_juan_cbm,flow,0.052167,m3/s,nawi,source
damodar,baseline,san_juan_cbm,fluoride,0.00176,kg/m3,nawi,source
damodar,baseline,san_juan_cbm,hardness,0.3,kg/m3,nawi,source
damodar,baseline,san_juan_cbm,iron,0.0062,kg/m3,nawi,source
damodar,baseline,san_juan_cbm,lead,0.00002,kg/m3,nawi,source
damodar,baseline,san_juan_cbm,lithium,0.00161,kg/m3,nawi,source
damodar,baseline,san_juan_cbm,magnesium,0.01545,kg/m3,nawi,source
damodar,baseline,san_juan_cbm,manganese,0.00019,kg/m3,nawi,source
damodar,baseline,san_juan_cbm,nickel,0.00002,kg/m3,nawi,source
damodar,baseline,san_juan_cbm,ph_max,7.82,pH,nawi,source
damodar,baseline,san_juan_cbm,ph_min,7.82,pH,nawi,source
damodar,baseline,san_juan_cbm,phosphates,0.00189,kg/m3,nawi,source
damodar,baseline,san_juan_cbm,potassium,0.02699,kg/m3,nawi,source
damodar,baseline,san_juan_cbm,radium_226_and_radium_228_combined,0.63,pCi/L,nawi,source
damodar,baseline,san_juan_cbm,selenium,0.00002,kg/m3,nawi,source
damodar,baseline,san_juan_cbm,silicon_dioxide,0.01237,kg/m3,nawi,source
damodar,baseline,san_juan_cbm,sodium,1.61,kg/m3,nawi,source
damodar,baseline,san_juan_cbm,strontium,0.00536,kg/m3,nawi,source
damodar,baseline,san_juan_cbm,sulfate,0.02573,kg/m3,nawi,source
damodar,baseline,san_juan_cbm,tds,4.673,kg/m3,nawi,source
damodar,baseline,san_juan_cbm,toluene,0.0017,kg/m3,nawi,source
damodar,baseline,san_juan_cbm,total_petroleum_hydrocarbons_tph,0.00255,kg/m3,nawi,source
damodar,baseline,san_juan_cbm,tss,0.0472,kg/m3,nawi,source
damodar,baseline,san_juan_cbm,turbidity,0.0616,kg/m3,nawi,source
damodar,baseline,san_juan_cbm,uranium,0.08,pCi/L,nawi,source
damodar,baseline,san_juan_cbm,xylenes_total,0.1212,kg/m3,nawi,source
damodar,baseline,san_juan_cbm,zinc,0.00005,kg/m3,nawi,source
damodar_pr,baseline,powder_river_basin_cbm,flow,0.052167,m3/s,nawi,source
damodar_sj,baseline,san_juan_cbm,flow,0.052167,m3/s,nawi,source
emwd,baseline,emwd_ca_brackish,alkalinity_as_caco3,0.538,kg/m3,nawi,source
emwd,baseline,emwd_ca_brackish,aluminum,0.000078,kg/m3,nawi,source
emwd,baseline,emwd_ca_brackish,arsenic,0.0000075,kg/m3,nawi,source
emwd,baseline,emwd_ca_brackish,barium,0.000129,kg/m3,nawi,source
emwd,baseline,emwd_ca_brackish,bicarbonate_alkalinity_as_caco3,0.662,kg/m3,nawi,source
emwd,baseline,emwd_ca_brackish,boron,0.000193,kg/m3,nawi,source
emwd,baseline,emwd_ca_brackish,calcium,0.331,kg/m3,nawi,source
emwd,baseline,emwd_ca_brackish,chloride,0.565,kg/m3,nawi,source
emwd,baseline,emwd_ca_brackish,electrical_conductivity,0.3476,S/m,nawi,source
emwd,baseline,emwd_ca_brackish,flow,0.381,m3/s,nawi,source
emwd,baseline,emwd_ca_brackish,fluoride,0.00032,kg/m3,nawi,source
emwd,baseline,emwd_ca_brackish,iron,0.000387,kg/m3,nawi,source
emwd,baseline,emwd_ca_brackish,magnesium,0.284,kg/m3,nawi,source
emwd,baseline,emwd_ca_brackish,manganese,0.000115,kg/m3,nawi,source
emwd,baseline,emwd_ca_brackish,nitrate_as_nitrogen,0.003,kg/m3,nawi,source
emwd,baseline,emwd_ca_brackish,nitrite_as_nitrogen,0.00001,kg/m3,nawi,source
emwd,baseline,emwd_ca_brackish,ph_max,6.1,pH,nawi,source
emwd,baseline,emwd_ca_brackish,ph_min,6.1,pH,nawi,source
emwd,baseline,emwd_ca_brackish,phosphates,0.0002,kg/m3,nawi,source
emwd,baseline,emwd_ca_brackish,potassium,0.0098,kg/m3,nawi,source
emwd,baseline,emwd_ca_brackish,silicon,0.0612,kg/m3,nawi,source
emwd,baseline,emwd_ca_brackish,sodium,0.2787,kg/m3,nawi,source
emwd,baseline,emwd_ca_brackish,strontium,0.0016,kg/m3,nawi,source
emwd,baseline,emwd_ca_brackish,sulfate,0.58,kg/m3,nawi,source
emwd,baseline,emwd_ca_brackish,tds,2.33,kg/m3,nawi,source
emwd,baseline,emwd_ca_brackish,zinc,0.000052,kg/m3,nawi,source
gila_river,baseline,gila_river_water,flow,0.6515,m3/s,nawi,source
gila_river,baseline,gila_river_water,tds,1.265,kg/m3,nawi,source
heap_leaching,baseline,ore_heap_make_up,flow,0.003434,m3/s,nawi,source
heap_leaching,baseline,ore_heap_make_up,tds,1,kg/m3,nawi,source
heap_leaching,baseline,ore_heap_recycle,flow,0.016764,m3/s,nawi,source
heap_leaching,baseline,ore_heap_recycle,tds,5,kg/m3,nawi,source
hrsd,baseline,hrsd_municipal_x,aluminum,0.00000616,kg/m3,nawi,source
hrsd,baseline,hrsd_municipal,arsenic,0.01,kg/m3,nawi,source
hrsd,baseline,hrsd_municipal,barium,0.0000452,kg/m3,nawi,source
hrsd,baseline,hrsd_municipal_x,beta_particles_and_photon_emitters,50,pCi/L,nawi,source
hrsd,baseline,hrsd_municipal,boron,0.0004,kg/m3,nawi,source
hrsd,baseline,hrsd_municipal,bromate,0.01,kg/m3,nawi,source
hrsd,baseline,hrsd_municipal_x,bromide,0.000001,kg/m3,nawi,source
hrsd,baseline,hrsd_municipal,calcium,0.08045,kg/m3,nawi,source
hrsd,baseline,hrsd_municipal,chloride,0.29792,kg/m3,nawi,source
hrsd,baseline,hrsd_municipal_x,chromium,0.00000019,kg/m3,nawi,source
hrsd,baseline,hrsd_municipal_x,cyanide_as_free,0.00000267,kg/m3,nawi,source
hrsd,baseline,hrsd_municipal,electrical_conductivity,0.17,S/m,nawi,source
hrsd,baseline,hrsd_municipal,flow,0.92237125,m3/s,nawi,source
hrsd,baseline,hrsd_municipal,fluoride,0.004,kg/m3,nawi,source
hrsd,baseline,hrsd_municipal,hardness,0.312,kg/m3,nawi,source
hrsd,baseline,hrsd_municipal,iron,0.000302,kg/m3,nawi,source
hrsd,baseline,hrsd_municipal_x,lead,0.000001,kg/m3,nawi,source
hrsd,baseline,hrsd_municipal,magnesium,0.02701,kg/m3,nawi,source
hrsd,baseline,hrsd_municipal,manganese,0.0000526,kg/m3,nawi,source
hrsd,baseline,hrsd_municipal_x,mercury,0.000001,kg/m3,nawi,source
hrsd,baseline,hrsd_municipal_x,nickel,0.00000466,kg/m3,nawi,source
hrsd,baseline,hrsd_municipal,nitrate,0.01,kg/m3,nawi,source
hrsd,baseline,hrsd_municipal,nitrate_as_nitrogen,0.01,kg/m3,nawi,source
hrsd,baseline,hrsd_municipal,nitrite_as_nitrogen,0.001,kg/m3,nawi,source
hrsd,baseline,hrsd_municipal,nitrogen,0.008,kg/m3,nawi,source
hrsd,baseline,hrsd_municipal,ph_max,7.28,pH,nawi,source
hrsd,baseline,hrsd_municipal,ph_min,7.28,pH,nawi,source
hrsd,baseline,hrsd_municipal,phosphates,0.00052,kg/m3,nawi,source
hrsd,baseline,hrsd_municipal,potassium,0.01897,kg/m3,nawi,source
hrsd,baseline,hrsd_municipal,radium_226,3.4,pCi/L,nawi,source
hrsd,baseline,hrsd_municipal,radium_226_and_radium_228_combined,5,pCi/L,nawi,source
hrsd,baseline,hrsd_municipal,radium_228,1.6,pCi/L,nawi,source
hrsd,baseline,hrsd_municipal_x,selenium,0.00000106,kg/m3,nawi,source
hrsd,baseline,hrsd_municipal,silicon,0.02104,kg/m3,nawi,source
hrsd,baseline,hrsd_municipal_x,silver,0.000001,kg/m3,nawi,source
hrsd,baseline,hrsd_municipal,sodium,0.23158,kg/m3,nawi,source
hrsd,baseline,hrsd_municipal,sulfate,0.188,kg/m3,nawi,source
hrsd,baseline,hrsd_municipal,tds,0.63,kg/m3,nawi,source
hrsd,baseline,hrsd_municipal,toc,0.004,kg/m3,nawi,source
hrsd,baseline,hrsd_municipal_x,total_coliforms_fecal_ecoli,294.1962,kg/m3,nawi,source
hrsd,baseline,hrsd_municipal_x,trihalomethanes,0.00000032,kg/m3,nawi,source
hrsd,baseline,hrsd_municipal,tss,0.006525,kg/m3,nawi,source
hrsd,baseline,hrsd_municipal,turbidity,0.0016,kg/m3,nawi,source
hrsd,baseline,hrsd_municipal,zinc,0.0000153,kg/m3,nawi,source
iatan,baseline,coal_plant_make_up,alkalinity_as_caco3,0.278,kg/m3,nawi,source
iatan,baseline,coal_plant_make_up,aluminum,0.000098,kg/m3,nawi,source
iatan,baseline,coal_plant_make_up,arsenic,0.000023,kg/m3,nawi,source
iatan,baseline,coal_plant_make_up,barium,0.000169,kg/m3,nawi,source
iatan,baseline,coal_plant_make_up,boron,0.00037,kg/m3,nawi,source
iatan,baseline,coal_plant_make_up,cadmium,0.000006,kg/m3,nawi,source
iatan,baseline,coal_plant_make_up,calcium,0.106,kg/m3,nawi,source
iatan,baseline,coal_plant_make_up,chloride,0.157,kg/m3,nawi,source
iatan,baseline,coal_plant_make_up,chromium,0.000008,kg/m3,nawi,source
iatan,baseline,coal_plant_make_up,copper,0.000018,kg/m3,nawi,source
iatan,baseline,coal_plant_make_up,flow,0.381948,m3/s,nawi,source
iatan,baseline,coal_plant_make_up,fluoride,0.0008,kg/m3,nawi,source
iatan,baseline,coal_plant_make_up,iron,0.000249,kg/m3,nawi,source
iatan,baseline,coal_plant_make_up,lead,0.000026,kg/m3,nawi,source
iatan,baseline,coal_plant_make_up,magnesium,0.04,kg/m3,nawi,source
iatan,baseline,coal_plant_make_up,manganese,0.000009,kg/m3,nawi,source
iatan,baseline,coal_plant_make_up,mercury,0.0000003,kg/m3,nawi,source
iatan,baseline,coal_plant_make_up,nickel,0.000018,kg/m3,nawi,source
iatan,baseline,coal_plant_make_up,nitrate,0.012,kg/m3,nawi,source
iatan,baseline,coal_plant_make_up,nitrate_as_nitrogen,0.012,kg/m3,nawi,source
iatan,baseline,coal_plant_make_up,ph_max,7.4,pH,nawi,source
iatan,baseline,coal_plant_make_up,ph_min,7.4,pH,nawi,source
iatan,baseline,coal_plant_make_up,phosphates,0.0016,kg/m3,nawi,source
iatan,baseline,coal_plant_make_up,potassium,0.018,kg/m3,nawi,source
iatan,baseline,coal_plant_make_up,selenium,0.000043,kg/m3,nawi,source
iatan,baseline,coal_plant_make_up,silicon,0.016,kg/m3,nawi,source
iatan,baseline,coal_plant_make_up,silver,0.000006,kg/m3,nawi,source
iatan,baseline,coal_plant_make_up,sodium,0.168,kg/m3,nawi,source
iatan,baseline,coal_plant_make_up,strontium,0.0015,kg/m3,nawi,source
iatan,baseline,coal_plant_make_up,sulfate,0.153,kg/m3,nawi,source
iatan,baseline,coal_plant_make_up,tds,0.906,kg/m3,nawi,source
iatan,baseline,coal_plant_make_up,turbidity,0.05,kg/m3,nawi,source
iatan,baseline,coal_plant_make_up,zinc,0.000009,kg/m3,nawi,source
iron_and_steel_a,baseline,hot_mill_blowdown,flow,0.0614,m3/s,nawi,source
iron_and_steel_a,baseline,hot_mill_blowdown,ph_max,8,pH,nawi,source
iron_and_steel_a,baseline,hot_mill_blowdown,ph_min,8,pH,nawi,source
iron_and_steel_a,baseline,steel_oily_ww,flow,0.02627778,m3/s,nawi,source
iron_and_steel_a,baseline,steel_oily_ww,lead,0.0001,kg/m3,nawi,source
iron_and_steel_a,baseline,steel_oily_ww,oil_and_grease,0.05,kg/m3,nawi,source
iron_and_steel_a,baseline,steel_oily_ww,ph_max,8,pH,nawi,source
iron_and_steel_a,baseline,steel_oily_ww,ph_min,8,pH,nawi,source
iron_and_steel_a,baseline,steel_oily_ww,tds,1.5,kg/m3,nawi,source
iron_and_steel_a,baseline,steel_oily_ww,trace_organic_chemicals_torc,0.003,kg/m3,nawi,source
iron_and_steel_a,baseline,steel_oily_ww,tss,0.03,kg/m3,nawi,source
iron_and_steel_a,baseline,steel_oily_ww,zinc,0.00002,kg/m3,nawi,source
iron_and_steel_b,baseline,hot_mill_blowdown_b,flow,0.0553,m3/s,nawi,source
iron_and_steel_b,baseline,hot_mill_blowdown_b,ph_max,8,pH,nawi,source
iron_and_steel_b,baseline,hot_mill_blowdown_b,ph_min,8,pH,nawi,source
iron_and_steel_b,baseline,steel_metal_ww,flow,0.01753,m3/s,nawi,source
iron_and_steel_b,baseline,steel_metal_ww,iron,0.015,kg/m3,nawi,source
iron_and_steel_b,baseline,steel_metal_ww,lead,0.0005,kg/m3,nawi,source
iron_and_steel_b,baseline,steel_metal_ww,ph_max,8,pH,nawi,source
iron_and_steel_b,baseline,steel_metal_ww,ph_min,8,pH,nawi,source
iron_and_steel_b,baseline,steel_metal_ww,tds,3,kg/m3,nawi,source
iron_and_steel_b,baseline,steel_metal_ww,trace_organic_chemicals_torc,0.0001,kg/m3,nawi,source
iron_and_steel_b,baseline,steel_metal_ww,tss,0.01,kg/m3,nawi,source
iron_and_steel_b,baseline,steel_metal_ww,zinc,0.00005,kg/m3,nawi,source
irwin,baseline,brackish,arsenic,0.000025,kg/m3,nawi,source
irwin,baseline,brackish,barium,0.00002,kg/m3,nawi,source
irwin,baseline,brackish,bicarbonate_alkalinity_as_caco3,0.1786,kg/m3,nawi,source
irwin,baseline,brackish,calcium,0.00475,kg/m3,nawi,source
irwin,baseline,brackish,chloride,0.1046,kg/m3,nawi,source
irwin,baseline,brackish,flow,0.285083,m3/s,nawi,source
irwin,baseline,brackish,fluoride,0.0051,kg/m3,nawi,source
irwin,baseline,brackish,hardness,0.0795,kg/m3,nawi,source
irwin,baseline,brackish,magnesium,0.0042,kg/m3,nawi,source
irwin,baseline,brackish,nitrate,0.0203,kg/m3,nawi,source
irwin,baseline,brackish,nitrate_as_nitrogen,0.0203,kg/m3,nawi,source
irwin,baseline,brackish,ph_max,7.79,pH,nawi,source
irwin,baseline,brackish,ph_min,7.79,pH,nawi,source
irwin,baseline,brackish,potassium,0.0089,kg/m3,nawi,source
irwin,baseline,brackish,sodium,0.1678,kg/m3,nawi,source
irwin,baseline,brackish,strontium,0.0004,kg/m3,nawi,source
irwin,baseline,brackish,sulfate,0.1239,kg/m3,nawi,source
irwin,baseline,brackish,tds,0.69,kg/m3,nawi,source
irwin,baseline,irwin brackish,flow,0.262876,m3/s,nawi,source
irwin,baseline,irwin_brine,arsenic,0.00028372,kg/m3,nawi,source
irwin,baseline,irwin_brine,barium,0.00025318,kg/m3,nawi,source
irwin,baseline,irwin_brine,bicarbonate_alkalinity_as_caco3,1.88676845,kg/m3,nawi,source
irwin,baseline,irwin_brine,calcium,0.05603747,kg/m3,nawi,source
irwin,baseline,irwin_brine,chloride,1.18575064,kg/m3,nawi,source
irwin,baseline,irwin_brine,fluoride,0.05343512,kg/m3,nawi,source
irwin,baseline,irwin_brine,hardness,0.9351145,kg/m3,nawi,source
irwin,baseline,irwin_brine,magnesium,0.04834606,kg/m3,nawi,source
irwin,baseline,irwin_brine,nitrate,0.22773537,kg/m3,nawi,source
irwin,baseline,irwin_brine,nitrate_as_nitrogen,0.22773537,kg/m3,nawi,source
irwin,baseline,irwin_brine,ph_max,7.85,pH,nawi,source
irwin,baseline,irwin_brine,ph_min,7.85,pH,nawi,source
irwin,baseline,irwin_brine,potassium,0.10178117,kg/m3,nawi,source
irwin,baseline,irwin_brine,sodium,1.8562341,kg/m3,nawi,source
irwin,baseline,irwin_brine,strontium,0.00483461,kg/m3,nawi,source
irwin,baseline,irwin_brine,sulfate,1.45547074,kg/m3,nawi,source
irwin,baseline,irwin_brine,tds,7.09923664,kg/m3,nawi,source
kbhdp,baseline,kbhdp_brackish_ave,alkalinity_as_caco3,0.08,kg/m3,nawi,source
kbhdp,baseline,kbhdp_brackish_ave,calcium,0.13,kg/m3,nawi,source
kbhdp,baseline,kbhdp_brackish_ave,chloride,1.18,kg/m3,nawi,source
kbhdp,baseline,kbhdp_brackish_ave,flow,1.336278,m3/s,nawi,source
kbhdp,baseline,kbhdp_brackish_ave,magnesium,0.03,kg/m3,nawi,source
kbhdp,baseline,kbhdp_brackish_ave,ph_max,7.6,pH,nawi,source
kbhdp,baseline,kbhdp_brackish_ave,ph_min,7.6,pH,nawi,source
kbhdp,baseline,kbhdp_brackish_ave,potassium,0.016,kg/m3,nawi,source
kbhdp,baseline,kbhdp_brackish_ave,silicon_dioxide,0.031,kg/m3,nawi,source
kbhdp,baseline,kbhdp_brackish_ave,sodium,0.77,kg/m3,nawi,source
kbhdp,baseline,kbhdp_brackish_ave,sulfate,0.23,kg/m3,nawi,source
kbhdp,baseline,kbhdp_brackish_ave,tds,2.5,kg/m3,nawi,source
kbhdp,baseline,kbhdp_brackish_ave_x,electrical_conductivity,4200,S/m,nawi,source
kbhdp,baseline,kbhdp_brackish_high,alkalinity_as_caco3,0.0825,kg/m3,nawi,source
kbhdp,baseline,kbhdp_brackish_high,calcium,0.145,kg/m3,nawi,source
kbhdp,baseline,kbhdp_brackish_high,chloride,1.315,kg/m3,nawi,source
kbhdp,baseline,kbhdp_brackish_high,electrical_conductivity,4600,S/m,nawi,source
kbhdp,baseline,kbhdp_brackish_high,flow,1.336278,m3/s,nawi,source
kbhdp,baseline,kbhdp_brackish_high,magnesium,0.04,kg/m3,nawi,source
kbhdp,baseline,kbhdp_brackish_high,ph_max,7.6,pH,nawi,source
kbhdp,baseline,kbhdp_brackish_high,ph_min,7.6,pH,nawi,source
kbhdp,baseline,kbhdp_brackish_high,potassium,0.019,kg/m3,nawi,source
kbhdp,baseline,kbhdp_brackish_high,silicon_dioxide,0.0345,kg/m3,nawi,source
kbhdp,baseline,kbhdp_brackish_high,sodium,0.825,kg/m3,nawi,source
kbhdp,baseline,kbhdp_brackish_high,sulfate,0.29,kg/m3,nawi,source
kbhdp,baseline,kbhdp_brackish_high,tds,2.75,kg/m3,nawi,source
kbhdp,baseline,kbhdp_brackish_low,alkalinity_as_caco3,0.08,kg/m3,nawi,source
kbhdp,baseline,kbhdp_brackish_low,calcium,0.13,kg/m3,nawi,source
kbhdp,baseline,kbhdp_brackish_low,chloride,1.18,kg/m3,nawi,source
kbhdp,baseline,kbhdp_brackish_low,electrical_conductivity,4200,S/m,nawi,source
kbhdp,baseline,kbhdp_brackish_low,flow,1.336278,m3/s,nawi,source
kbhdp,baseline,kbhdp_brackish_low,magnesium,0.03,kg/m3,nawi,source
kbhdp,baseline,kbhdp_brackish_low,ph_max,7.6,pH,nawi,source
kbhdp,baseline,kbhdp_brackish_low,ph_min,7.6,pH,nawi,source
kbhdp,baseline,kbhdp_brackish_low,potassium,0.016,kg/m3,nawi,source
kbhdp,baseline,kbhdp_brackish_low,silicon_dioxide,0.031,kg/m3,nawi,source
kbhdp,baseline,kbhdp_brackish_low,sodium,0.77,kg/m3,nawi,source
kbhdp,baseline,kbhdp_brackish_low,sulfate,0.23,kg/m3,nawi,source
kbhdp,baseline,kbhdp_brackish_low,tds,2.5,kg/m3,nawi,source
kern_county,baseline,produced_water,arsenic,0.0000162,kg/m3,nawi,source
kern_county,baseline,produced_water,boron,0.00078,kg/m3,nawi,source
kern_county,baseline,produced_water,chloride,0.116,kg/m3,nawi,source
kern_county,baseline,produced_water,electrical_conductivity,0.0772,S/m,nawi,source
kern_county,baseline,produced_water,flow,0.963878005,m3/s,nawi,source
kern_county,baseline,produced_water,ph_max,7.5,pH,nawi,source
kern_county,baseline,produced_water,ph_min,7.5,pH,nawi,source
kern_county,baseline,produced_water,sodium,0.12,kg/m3,nawi,source
kern_county,baseline,produced_water,tds,0.5,kg/m3,nawi,source
kern_county,baseline,surface_water,arsenic,0.0000042,kg/m3,nawi,source
kern_county,baseline,surface_water,boron,0.00012,kg/m3,nawi,source
kern_county,baseline,surface_water,chloride,0.012,kg/m3,nawi,source
kern_county,baseline,surface_water,electrical_conductivity,0.0127,S/m,nawi,source
kern_county,baseline,surface_water,flow,1.7525,m3/s,nawi,source
kern_county,baseline,surface_water,ph_max,7.5,pH,nawi,source
kern_county,baseline,surface_water,ph_min,7.5,pH,nawi,source
kern_county,baseline,surface_water,sodium,0.012,kg/m3,nawi,source
kern_county,baseline,surface_water,tds,0.081,kg/m3,nawi,source
kern_county,edr_ph_ro,produced_water,arsenic,0.0000162,kg/m3,nawi,source
kern_county,edr_ph_ro,produced_water,boron,0.03,kg/m3,nawi,source
kern_county,edr_ph_ro,produced_water,chloride,0.116,kg/m3,nawi,source
kern_county,edr_ph_ro,produced_water,electrical_conductivity,0.0772,S/m,nawi,source
kern_county,edr_ph_ro,produced_water,flow,0.963878005,m3/s,nawi,source
kern_county,edr_ph_ro,produced_water,ph_max,7.5,pH,nawi,source
kern_county,edr_ph_ro,produced_water,ph_min,7.5,pH,nawi,source
kern_county,edr_ph_ro,produced_water,sodium,0.12,kg/m3,nawi,source
kern_county,edr_ph_ro,produced_water,tds,10,kg/m3,nawi,source
kern_county,edr_ph_ro,surface_water,arsenic,0.0000042,kg/m3,nawi,source
kern_county,edr_ph_ro,surface_water,boron,0.00012,kg/m3,nawi,source
kern_county,edr_ph_ro,surface_water,chloride,0.012,kg/m3,nawi,source
kern_county,edr_ph_ro,surface_water,electrical_conductivity,0.0127,S/m,nawi,source
kern_county,edr_ph_ro,surface_water,flow,1.7525,m3/s,nawi,source
kern_county,edr_ph_ro,surface_water,ph_max,7.5,pH,nawi,source
kern_county,edr_ph_ro,surface_water,ph_min,7.5,pH,nawi,source
kern_county,edr_ph_ro,surface_water,sodium,0.012,kg/m3,nawi,source
kern_county,edr_ph_ro,surface_water,tds,0.081,kg/m3,nawi,source
kern_county,ro_and_mf,produced_water,arsenic,0.0000162,kg/m3,nawi,source
kern_county,ro_and_mf,produced_water,boron,0.00078,kg/m3,nawi,source
kern_county,ro_and_mf,produced_water,chloride,0.116,kg/m3,nawi,source
kern_county,ro_and_mf,produced_water,electrical_conductivity,0.0772,S/m,nawi,source
kern_county,ro_and_mf,produced_water,flow,0.963878005,m3/s,nawi,source
kern_county,ro_and_mf,produced_water,ph_max,7.5,pH,nawi,source
kern_county,ro_and_mf,produced_water,ph_min,7.5,pH,nawi,source
kern_county,ro_and_mf,produced_water,sodium,0.12,kg/m3,nawi,source
kern_county,ro_and_mf,produced_water,tds,10,kg/m3,nawi,source
kern_county,ro_and_mf,surface_water,arsenic,0.0000042,kg/m3,nawi,source
kern_county,ro_and_mf,surface_water,boron,0.00012,kg/m3,nawi,source
kern_county,ro_and_mf,surface_water,chloride,0.012,kg/m3,nawi,source
kern_county,ro_and_mf,surface_water,electrical_conductivity,0.0127,S/m,nawi,source
kern_county,ro_and_mf,surface_water,flow,1.7525,m3/s,nawi,source
kern_county,ro_and_mf,surface_water,ph_max,7.5,pH,nawi,source
kern_county,ro_and_mf,surface_water,ph_min,7.5,pH,nawi,source
kern_county,ro_and_mf,surface_water,sodium,0.012,kg/m3,nawi,source
kern_county,ro_and_mf,surface_water,tds,0.081,kg/m3,nawi,source
lithium,baseline,lithium_brine,boron,0.05,kg/m3,nawi,source
lithium,baseline,lithium_brine,calcium,0.45,kg/m3,nawi,source
lithium,baseline,lithium_brine,chloride,72.6,kg/m3,nawi,source
lithium,baseline,lithium_brine,flow,0.4561316,m3/s,nawi,source
lithium,baseline,lithium_brine,lithium,0.16,kg/m3,nawi,source
lithium,baseline,lithium_brine,magnesium,0.19,kg/m3,nawi,source
lithium,baseline,lithium_brine,potassium,4,kg/m3,nawi,source
lithium,baseline,lithium_brine,sodium,46.9,kg/m3,nawi,source
lithium,baseline,lithium_brine,sulfate,3.4,kg/m3,nawi,source
lithium,baseline,lithium_brine,tds,139,kg/m3,nawi,source
lithium,baseline,lithium_brine,tss,0.035,kg/m3,nawi,source
monterey_one,baseline,secondary_ww,alkalinity_as_caco3,0.379,kg/m3,nawi,source
monterey_one,baseline,secondary_ww,chloride,0.233,kg/m3,nawi,source
monterey_one,baseline,secondary_ww,electrical_conductivity,0.17,S/m,nawi,source
monterey_one,baseline,secondary_ww,flow,1.6868,m3/s,nawi,source
monterey_one,baseline,secondary_ww,lead,0.048,kg/m3,nawi,source
monterey_one,baseline,secondary_ww,nitrate,0.0016,kg/m3,nawi,source
monterey_one,baseline,secondary_ww,nitrate_as_nitrogen,0.0056,kg/m3,nawi,source
monterey_one,baseline,secondary_ww,ph_max,7.4,pH,nawi,source
monterey_one,baseline,secondary_ww,ph_min,7.4,pH,nawi,source
monterey_one,baseline,secondary_ww,sulfate,0.106,kg/m3,nawi,source
monterey_one,baseline,secondary_ww,tds,0.846,kg/m3,nawi,source
ocwd,baseline,ocwd_feed,aluminum,0.00000616,kg/m3,nawi,source
ocwd,baseline,ocwd_feed,arsenic,0.00000051,kg/m3,nawi,source
ocwd,baseline,ocwd_feed,barium,0.0000452,kg/m3,nawi,source
ocwd,baseline,ocwd_feed,boron,0.0004,kg/m3,nawi,source
ocwd,baseline,ocwd_feed,bromide,0.000001,kg/m3,nawi,source
ocwd,baseline,ocwd_feed,calcium,0.08045,kg/m3,nawi,source
ocwd,baseline,ocwd_feed,chloride,0.29792,kg/m3,nawi,source
ocwd,baseline,ocwd_feed,chromium,0.00000019,kg/m3,nawi,source
ocwd,baseline,ocwd_feed,cyanide_as_free,0.00000267,kg/m3,nawi,source
ocwd,baseline,ocwd_feed,electrical_conductivity,0.17,S/m,nawi,source
ocwd,baseline,ocwd_feed,flow,5.695642755,m3/s,nawi,source
ocwd,baseline,ocwd_feed,fluoride,0.00097,kg/m3,nawi,source
ocwd,baseline,ocwd_feed,hardness,0.312,kg/m3,nawi,source
ocwd,baseline,ocwd_feed,iron,0.000302,kg/m3,nawi,source
ocwd,baseline,ocwd_feed,lead,0.000001,kg/m3,nawi,source
ocwd,baseline,ocwd_feed,magnesium,0.027,kg/m3,nawi,source
ocwd,baseline,ocwd_feed,manganese,0.0000526,kg/m3,nawi,source
ocwd,baseline,ocwd_feed,mercury,0.000001,kg/m3,nawi,source
ocwd,baseline,ocwd_feed,nickel,0.00000466,kg/m3,nawi,source
ocwd,baseline,ocwd_feed,nitrate_as_nitrogen,0.00864,kg/m3,nawi,source
ocwd,baseline,ocwd_feed,nitrite_as_nitrogen,0.00069,kg/m3,nawi,source
ocwd,baseline,ocwd_feed,ph_max,7.28,pH,nawi,source
ocwd,baseline,ocwd_feed,ph_min,7.28,pH,nawi,source
ocwd,baseline,ocwd_feed,phosphates,0.00052,kg/m3,nawi,source
ocwd,baseline,ocwd_feed,potassium,0.019,kg/m3,nawi,source
ocwd,baseline,ocwd_feed,selenium,0.00000106,kg/m3,nawi,source
ocwd,baseline,ocwd_feed,silicon,0.02104,kg/m3,nawi,source
ocwd,baseline,ocwd_feed,silver,0.000001,kg/m3,nawi,source
ocwd,baseline,ocwd_feed,sodium,0.23158,kg/m3,nawi,source
ocwd,baseline,ocwd_feed,sulfate,0.18825,kg/m3,nawi,source
ocwd,baseline,ocwd_feed,tds,0.98555,kg/m3,nawi,source
ocwd,baseline,ocwd_feed,toc,0.00953,kg/m3,nawi,source
ocwd,baseline,ocwd_feed,total_coliforms_fecal_ecoli,294.1962,kg/m3,nawi,source
ocwd,baseline,ocwd_feed,trihalomethanes,0.00000032,kg/m3,nawi,source
ocwd,baseline,ocwd_feed,tss,0.006525,kg/m3,nawi,source
ocwd,baseline,ocwd_feed,turbidity,0.0016,kg/m3,nawi,source
ocwd,baseline,ocwd_feed,zinc,0.0000153,kg/m3,nawi,source
produced_water_injection,baseline,produced_water_for_dw,flow,0.046,m3/s,nawi,source
produced_water_injection,baseline,produced_water_for_dw,ph_max,7.6,pH,nawi,source
produced_water_injection,baseline,produced_water_for_dw,ph_min,7.6,pH,nawi,source
produced_water_injection,baseline,produced_water_for_dw,potassium,0.016,kg/m3,nawi,source
produced_water_injection,baseline,produced_water_for_dw,silicon_dioxide,0.031,kg/m3,nawi,source
produced_water_injection,baseline,produced_water_for_dw,sodium,0.77,kg/m3,nawi,source
produced_water_injection,baseline,produced_water_for_dw,sulfate,0.23,kg/m3,nawi,source
produced_water_injection,baseline,produced_water_for_dw,tds,50,kg/m3,nawi,source
pulp_and_paper,baseline,corrosive_sewer,bod30,0.2,kg/m3,nawi,source
pulp_and_paper,baseline,corrosive_sewer,flow,0.24535,m3/s,nawi,source
pulp_and_paper,baseline,corrosive_sewer,ph_max,8.5,pH,nawi,source
pulp_and_paper,baseline,corrosive_sewer,ph_min,7,pH,nawi,source
pulp_and_paper,baseline,corrosive_sewer,thallium,0.06,kg/m3,nawi,source
pulp_and_paper,baseline,corrosive_sewer,tss,0.025,kg/m3,nawi,source
pulp_and_paper,baseline,main_sewer,bod30,0.675,kg/m3,nawi,source
pulp_and_paper,baseline,main_sewer,flow,0.762339,m3/s,nawi,source
pulp_and_paper,baseline,main_sewer,ph_max,8.5,pH,nawi,source
pulp_and_paper,baseline,main_sewer,ph_min,7,pH,nawi,source
pulp_and_paper,baseline,main_sewer,thallium,0.21,kg/m3,nawi,source
pulp_and_paper,baseline,main_sewer,tss,0.07,kg/m3,nawi,source
san_luis,baseline,irrigation_and_drainage,arsenic,0.000013,kg/m3,nawi,source
san_luis,baseline,irrigation_and_drainage,boron,0.00315,kg/m3,nawi,source
san_luis,baseline,irrigation_and_drainage,calcium,0.000483,kg/m3,nawi,source
san_luis,baseline,irrigation_and_drainage,chromium,0.0000145,kg/m3,nawi,source
san_luis,baseline,irrigation_and_drainage,electrical_conductivity,1.551,S/m,nawi,source
san_luis,baseline,irrigation_and_drainage,flow,0.012618,m3/s,nawi,source
san_luis,baseline,irrigation_and_drainage,iron,0.000964,kg/m3,nawi,source
san_luis,baseline,irrigation_and_drainage,manganese,0.000028,kg/m3,nawi,source
san_luis,baseline,irrigation_and_drainage,mercury,0.0000015,kg/m3,nawi,source
san_luis,baseline,irrigation_and_drainage,molybdenum,0.000204,kg/m3,nawi,source
san_luis,baseline,irrigation_and_drainage,nitrate_as_nitrogen,0.0125,kg/m3,nawi,source
san_luis,baseline,irrigation_and_drainage,ph_max,7.8,pH,nawi,source
san_luis,baseline,irrigation_and_drainage,ph_min,6,pH,nawi,source
san_luis,baseline,irrigation_and_drainage,phosphates,0.000064,kg/m3,nawi,source
san_luis,baseline,irrigation_and_drainage,selenium,0.000209,kg/m3,nawi,source
san_luis,baseline,irrigation_and_drainage,sulfate,7.2255,kg/m3,nawi,source
san_luis,baseline,irrigation_and_drainage,tds,12.408,kg/m3,nawi,source
san_luis,baseline,irrigation_and_drainage,turbidity,0.0004,kg/m3,nawi,source
san_luis,baseline,irrigation_and_drainage,uranium,33.1,pCi/L,nawi,source
san_luis,1p5_mgd,irrigation_and_drainage,arsenic,0.000013,kg/m3,nawi,source
san_luis,1p5_mgd,irrigation_and_drainage,boron,0.00315,kg/m3,nawi,source
san_luis,1p5_mgd,irrigation_and_drainage,calcium,0.000483,kg/m3,nawi,source
san_luis,1p5_mgd,irrigation_and_drainage,chromium,0.0000145,kg/m3,nawi,source
san_luis,1p5_mgd,irrigation_and_drainage,electrical_conductivity,1.551,S/m,nawi,source
san_luis,1p5_mgd,irrigation_and_drainage,flow,0.065718955,m3/s,nawi,source
san_luis,1p5_mgd,irrigation_and_drainage,iron,0.000964,kg/m3,nawi,source
san_luis,1p5_mgd,irrigation_and_drainage,manganese,0.000028,kg/m3,nawi,source
san_luis,1p5_mgd,irrigation_and_drainage,mercury,0.0000015,kg/m3,nawi,source
san_luis,1p5_mgd,irrigation_and_drainage,molybdenum,0.000204,kg/m3,nawi,source
san_luis,1p5_mgd,irrigation_and_drainage,nitrate_as_nitrogen,0.0125,kg/m3,nawi,source
san_luis,1p5_mgd,irrigation_and_drainage,ph_max,7.8,pH,nawi,source
san_luis,1p5_mgd,irrigation_and_drainage,ph_min,6,pH,nawi,source
san_luis,1p5_mgd,irrigation_and_drainage,phosphates,0.000064,kg/m3,nawi,source
san_luis,1p5_mgd,irrigation_and_drainage,selenium,0.000209,kg/m3,nawi,source
san_luis,1p5_mgd,irrigation_and_drainage,sulfate,7.2255,kg/m3,nawi,source
san_luis,1p5_mgd,irrigation_and_drainage,tds,12.408,kg/m3,nawi,source
san_luis,1p5_mgd,irrigation_and_drainage,turbidity,0.0004,kg/m3,nawi,source
san_luis,1p5_mgd,irrigation_and_drainage,uranium,33.1,pCi/L,nawi,source
san_luis,3_mgd,irrigation_and_drainage,arsenic,0.000013,kg/m3,nawi,source
san_luis,3_mgd,irrigation_and_drainage,boron,0.00315,kg/m3,nawi,source
san_luis,3_mgd,irrigation_and_drainage,calcium,0.000483,kg/m3,nawi,source
san_luis,3_mgd,irrigation_and_drainage,chromium,0.0000145,kg/m3,nawi,source
san_luis,3_mgd,irrigation_and_drainage,electrical_conductivity,1.551,S/m,nawi,source
san_luis,3_mgd,irrigation_and_drainage,flow,0.13143791,m3/s,nawi,source
san_luis,3_mgd,irrigation_and_drainage,iron,0.000964,kg/m3,nawi,source
san_luis,3_mgd,irrigation_and_drainage,manganese,0.000028,kg/m3,nawi,source
san_luis,3_mgd,irrigation_and_drainage,mercury,0.0000015,kg/m3,nawi,source
san_luis,3_mgd,irrigation_and_drainage,molybdenum,0.000204,kg/m3,nawi,source
san_luis,3_mgd,irrigation_and_drainage,nitrate_as_nitrogen,0.0125,kg/m3,nawi,source
san_luis,3_mgd,irrigation_and_drainage,ph_max,7.8,pH,nawi,source
san_luis,3_mgd,irrigation_and_drainage,ph_min,6,pH,nawi,source
san_luis,3_mgd,irrigation_and_drainage,phosphates,0.000064,kg/m3,nawi,source
san_luis,3_mgd,irrigation_and_drainage,selenium,0.000209,kg/m3,nawi,source
san_luis,3_mgd,irrigation_and_drainage,sulfate,7.2255,kg/m3,nawi,source
san_luis,3_mgd,irrigation_and_drainage,tds,12.408,kg/m3,nawi,source
san_luis,3_mgd,irrigation_and_drainage,turbidity,0.0004,kg/m3,nawi,source
san_luis,3_mgd,irrigation_and_drainage,uranium,33.1,pCi/L,nawi,source
san_luis,5_mgd,irrigation_and_drainage,arsenic,0.000013,kg/m3,nawi,source
san_luis,5_mgd,irrigation_and_drainage,boron,0.00315,kg/m3,nawi,source
san_luis,5_mgd,irrigation_and_drainage,calcium,0.000483,kg/m3,nawi,source
san_luis,5_mgd,irrigation_and_drainage,chromium,0.0000145,kg/m3,nawi,source
san_luis,5_mgd,irrigation_and_drainage,electrical_conductivity,1.551,S/m,nawi,source
san_luis,5_mgd,irrigation_and_drainage,flow,0.219063183,m3/s,nawi,source
san_luis,5_mgd,irrigation_and_drainage,iron,0.000964,kg/m3,nawi,source
san_luis,5_mgd,irrigation_and_drainage,manganese,0.000028,kg/m3,nawi,source
san_luis,5_mgd,irrigation_and_drainage,mercury,0.0000015,kg/m3,nawi,source
san_luis,5_mgd,irrigation_and_drainage,molybdenum,0.000204,kg/m3,nawi,source
san_luis,5_mgd,irrigation_and_drainage,nitrate_as_nitrogen,0.0125,kg/m3,nawi,source
san_luis,5_mgd,irrigation_and_drainage,ph_max,7.8,pH,nawi,source
san_luis,5_mgd,irrigation_and_drainage,ph_min,6,pH,nawi,source
san_luis,5_mgd,irrigation_and_drainage,phosphates,0.000064,kg/m3,nawi,source
san_luis,5_mgd,irrigation_and_drainage,selenium,0.000209,kg/m3,nawi,source
san_luis,5_mgd,irrigation_and_drainage,sulfate,7.2255,kg/m3,nawi,source
san_luis,5_mgd,irrigation_and_drainage,tds,12.408,kg/m3,nawi,source
san_luis,5_mgd,irrigation_and_drainage,turbidity,0.0004,kg/m3,nawi,source
san_luis,5_mgd,irrigation_and_drainage,uranium,33.1,pCi/L,nawi,source
san_luis,stage_1p5mgd,irrigation_and_drainage,arsenic,0.000013,kg/m3,nawi,source
san_luis,stage_1p5mgd,irrigation_and_drainage,boron,0.00315,kg/m3,nawi,source
san_luis,stage_1p5mgd,irrigation_and_drainage,calcium,0.000483,kg/m3,nawi,source
san_luis,stage_1p5mgd,irrigation_and_drainage,chromium,0.0000145,kg/m3,nawi,source
san_luis,stage_1p5mgd,irrigation_and_drainage,electrical_conductivity,1.551,S/m,nawi,source
san_luis,stage_1p5mgd,irrigation_and_drainage,flow,0.065718955,m3/s,nawi,source
san_luis,stage_1p5mgd,irrigation_and_drainage,iron,0.000964,kg/m3,nawi,source
san_luis,stage_1p5mgd,irrigation_and_drainage,manganese,0.000028,kg/m3,nawi,source
san_luis,stage_1p5mgd,irrigation_and_drainage,mercury,0.0000015,kg/m3,nawi,source
san_luis,stage_1p5mgd,irrigation_and_drainage,molybdenum,0.000204,kg/m3,nawi,source
san_luis,stage_1p5mgd,irrigation_and_drainage,nitrate_as_nitrogen,0.0125,kg/m3,nawi,source
san_luis,stage_1p5mgd,irrigation_and_drainage,ph_max,7.8,pH,nawi,source
san_luis,stage_1p5mgd,irrigation_and_drainage,ph_min,6,pH,nawi,source
san_luis,stage_1p5mgd,irrigation_and_drainage,phosphates,0.000064,kg/m3,nawi,source
san_luis,stage_1p5mgd,irrigation_and_drainage,selenium,0.000209,kg/m3,nawi,source
san_luis,stage_1p5mgd,irrigation_and_drainage,sulfate,7.2255,kg/m3,nawi,source
san_luis,stage_1p5mgd,irrigation_and_drainage,tds,12.408,kg/m3,nawi,source
san_luis,stage_1p5mgd,irrigation_and_drainage,turbidity,0.0004,kg/m3,nawi,source
san_luis,stage_1p5mgd,irrigation_and_drainage,uranium,33.1,pCi/L,nawi,source
san_luis,stage_1p5mgd_nano,irrigation_and_drainage,arsenic,0.000013,kg/m3,nawi,source
san_luis,stage_1p5mgd_nano,irrigation_and_drainage,boron,0.00315,kg/m3,nawi,source
san_luis,stage_1p5mgd_nano,irrigation_and_drainage,calcium,0.000483,kg/m3,nawi,source
san_luis,stage_1p5mgd_nano,irrigation_and_drainage,chromium,0.0000145,kg/m3,nawi,source
san_luis,stage_1p5mgd_nano,irrigation_and_drainage,electrical_conductivity,1.551,S/m,nawi,source
san_luis,stage_1p5mgd_nano,irrigation_and_drainage,flow,0.065718955,m3/s,nawi,source
san_luis,stage_1p5mgd_nano,irrigation_and_drainage,iron,0.000964,kg/m3,nawi,source
san_luis,stage_1p5mgd_nano,irrigation_and_drainage,manganese,0.000028,kg/m3,nawi,source
san_luis,stage_1p5mgd_nano,irrigation_and_drainage,mercury,0.0000015,kg/m3,nawi,source
san_luis,stage_1p5mgd_nano,irrigation_and_drainage,molybdenum,0.000204,kg/m3,nawi,source
san_luis,stage_1p5mgd_nano,irrigation_and_drainage,nitrate_as_nitrogen,0.0125,kg/m3,nawi,source
san_luis,stage_1p5mgd_nano,irrigation_and_drainage,ph_max,7.8,pH,nawi,source
san_luis,stage_1p5mgd_nano,irrigation_and_drainage,ph_min,6,pH,nawi,source
san_luis,stage_1p5mgd_nano,irrigation_and_drainage,phosphates,0.000064,kg/m3,nawi,source
san_luis,stage_1p5mgd_nano,irrigation_and_drainage,selenium,0.000209,kg/m3,nawi,source
san_luis,stage_1p5mgd_nano,irrigation_and_drainage,sulfate,7.2255,kg/m3,nawi,source
san_luis,stage_1p5mgd_nano,irrigation_and_drainage,tds,12.408,kg/m3,nawi,source
san_luis,stage_1p5mgd_nano,irrigation_and_drainage,turbidity,0.0004,kg/m3,nawi,source
san_luis,stage_1p5mgd_nano,irrigation_and_drainage,uranium,33.1,pCi/L,nawi,source
san_luis,stage_1p5mgd_edr,irrigation_and_drainage,arsenic,0.000013,kg/m3,nawi,source
san_luis,stage_1p5mgd_edr,irrigation_and_drainage,boron,0.00315,kg/m3,nawi,source
san_luis,stage_1p5mgd_edr,irrigation_and_drainage,calcium,0.000483,kg/m3,nawi,source
san_luis,stage_1p5mgd_edr,irrigation_and_drainage,chromium,0.0000145,kg/m3,nawi,source
san_luis,stage_1p5mgd_edr,irrigation_and_drainage,electrical_conductivity,1.551,S/m,nawi,source
san_luis,stage_1p5mgd_edr,irrigation_and_drainage,flow,0.065718955,m3/s,nawi,source
san_luis,stage_1p5mgd_edr,irrigation_and_drainage,iron,0.000964,kg/m3,nawi,source
san_luis,stage_1p5mgd_edr,irrigation_and_drainage,manganese,0.000028,kg/m3,nawi,source
san_luis,stage_1p5mgd_edr,irrigation_and_drainage,mercury,0.0000015,kg/m3,nawi,source
san_luis,stage_1p5mgd_edr,irrigation_and_drainage,molybdenum,0.000204,kg/m3,nawi,source
san_luis,stage_1p5mgd_edr,irrigation_and_drainage,nitrate_as_nitrogen,0.0125,kg/m3,nawi,source
san_luis,stage_1p5mgd_edr,irrigation_and_drainage,ph_max,7.8,pH,nawi,source
san_luis,stage_1p5mgd_edr,irrigation_and_drainage,ph_min,6,pH,nawi,source
san_luis,stage_1p5mgd_edr,irrigation_and_drainage,phosphates,0.000064,kg/m3,nawi,source
san_luis,stage_1p5mgd_edr,irrigation_and_drainage,selenium,0.000209,kg/m3,nawi,source
san_luis,stage_1p5mgd_edr,irrigation_and_drainage,sulfate,7.2255,kg/m3,nawi,source
san_luis,stage_1p5mgd_edr,irrigation_and_drainage,tds,12.408,kg/m3,nawi,source
san_luis,stage_1p5mgd_edr,irrigation_and_drainage,turbidity,0.0004,kg/m3,nawi,source
san_luis,stage_1p5mgd_edr,irrigation_and_drainage,uranium,33.1,pCi/L,nawi,source
santa_barbara,baseline,seawater,flow,0.3092,m3/s,nawi,source
santa_barbara,baseline,seawater,tds,35,kg/m3,nawi,source
santa_barbara_x,baseline,seawater,boron,0.0044,kg/m3,nawi,source
santa_barbara_x,baseline,seawater,bromide,0.0663,kg/m3,nawi,source
santa_barbara_x,baseline,seawater,calcium,0.4096,kg/m3,nawi,source
santa_barbara_x,baseline,seawater,chloride,19.162,kg/m3,nawi,source
santa_barbara_x,baseline,seawater,magnesium,1.278,kg/m3,nawi,source
santa_barbara_x,baseline,seawater,ph_max,7,pH,nawi,source
santa_barbara_x,baseline,seawater,ph_min,7,pH,nawi,source
santa_barbara_x,baseline,seawater,potassium,0.3953,kg/m3,nawi,source
santa_barbara_x,baseline,seawater,sodium,10.679,kg/m3,nawi,source
santa_barbara_x,baseline,seawater,strontium,0.0013,kg/m3,nawi,source
santa_barbara_x,baseline,seawater,sulfate,2.68,kg/m3,nawi,source
santa_barbara_x,baseline,seawater,tss,0.03,kg/m3,nawi,source
solaire,baseline,solaire_blackwater,aluminum,0.00000616,kg/m3,nawi,source
solaire,baseline,solaire_blackwater,arsenic,0.00000051,kg/m3,nawi,source
solaire,baseline,solaire_blackwater,barium,0.0000452,kg/m3,nawi,source
solaire,baseline,solaire_blackwater,bod,0.28,kg/m3,nawi,source
solaire,baseline,solaire_blackwater,boron,0.0004,kg/m3,nawi,source
solaire,baseline,solaire_blackwater,bromide,0.000001,kg/m3,nawi,source
solaire,baseline,solaire_blackwater,calcium,0.0805,kg/m3,nawi,source
solaire,baseline,solaire_blackwater,chloride,0.29792,kg/m3,nawi,source
solaire,baseline,solaire_blackwater,chromium,0.00000019,kg/m3,nawi,source
solaire,baseline,solaire_blackwater,cyanide_as_free,0.00000267,kg/m3,nawi,source
solaire,baseline,solaire_blackwater,electrical_conductivity,0.17,S/m,nawi,source
solaire,baseline,solaire_blackwater,flow,0.000219,m3/s,nawi,source
solaire,baseline,solaire_blackwater,fluoride,0.00097,kg/m3,nawi,source
solaire,baseline,solaire_blackwater,hardness,0.312,kg/m3,nawi,source
solaire,baseline,solaire_blackwater,iron,0.000302,kg/m3,nawi,source
solaire,baseline,solaire_blackwater,lead,0.000001,kg/m3,nawi,source
solaire,baseline,solaire_blackwater,magnesium,0.027,kg/m3,nawi,source
solaire,baseline,solaire_blackwater,manganese,0.0000526,kg/m3,nawi,source
solaire,baseline,solaire_blackwater,mercury,0.000001,kg/m3,nawi,source
solaire,baseline,solaire_blackwater,nickel,0.00000466,kg/m3,nawi,source
solaire,baseline,solaire_blackwater,nitrate,0.05,kg/m3,nawi,source
solaire,baseline,solaire_blackwater,nitrate_as_nitrogen,0.00864,kg/m3,nawi,source
solaire,baseline,solaire_blackwater,nitrite_as_nitrogen,0.00069,kg/m3,nawi,source
solaire,baseline,solaire_blackwater,ph_max,7.28,pH,nawi,source
solaire,baseline,solaire_blackwater,ph_min,7.28,pH,nawi,source
solaire,baseline,solaire_blackwater,phosphates,0.00052,kg/m3,nawi,source
solaire,baseline,solaire_blackwater,potassium,0.01897,kg/m3,nawi,source
solaire,baseline,solaire_blackwater,selenium,0.00000106,kg/m3,nawi,source
solaire,baseline,solaire_blackwater,silicon,0.02104,kg/m3,nawi,source
solaire,baseline,solaire_blackwater,silver,0.000001,kg/m3,nawi,source
solaire,baseline,solaire_blackwater,sodium,0.23158,kg/m3,nawi,source
solaire,baseline,solaire_blackwater,sulfate,0.188,kg/m3,nawi,source
solaire,baseline,solaire_blackwater,tds,0.98555,kg/m3,nawi,source
solaire,baseline,solaire_blackwater,toc,0.00953,kg/m3,nawi,source
solaire,baseline,solaire_blackwater,total_coliforms_fecal_ecoli,294.19623,kg/m3,nawi,source
solaire,baseline,solaire_blackwater,trihalomethanes,0.00000032,kg/m3,nawi,source
solaire,baseline,solaire_blackwater,tss,0.00653,kg/m3,nawi,source
solaire,baseline,solaire_blackwater,turbidity,0.0016,kg/m3,nawi,source
solaire,baseline,solaire_blackwater,zinc,0.0000153,kg/m3,nawi,source
solaire,baseline,solaire_graywater,aluminum,0.00000616,kg/m3,nawi,source
solaire,baseline,solaire_graywater,arsenic,0.00000051,kg/m3,nawi,source
solaire,baseline,solaire_graywater,barium,0.0000452,kg/m3,nawi,source
solaire,baseline,solaire_graywater,bod,0.25,kg/m3,nawi,source
solaire,baseline,solaire_graywater,boron,0.0004,kg/m3,nawi,source
solaire,baseline,solaire_graywater,bromide,0.000001,kg/m3,nawi,source
solaire,baseline,solaire_graywater,calcium,0.0805,kg/m3,nawi,source
solaire,baseline,solaire_graywater,chloride,0.298,kg/m3,nawi,source
solaire,baseline,solaire_graywater,chromium,0.00000019,kg/m3,nawi,source
solaire,baseline,solaire_graywater,cyanide_as_free,0.00000267,kg/m3,nawi,source
solaire,baseline,solaire_graywater,electrical_conductivity,0.17,S/m,nawi,source
solaire,baseline,solaire_graywater,flow,0.000876,m3/s,nawi,source
solaire,baseline,solaire_graywater,fluoride,0.00097,kg/m3,nawi,source
solaire,baseline,solaire_graywater,hardness,0.312,kg/m3,nawi,source
solaire,baseline,solaire_graywater,iron,0.000302,kg/m3,nawi,source
solaire,baseline,solaire_graywater,lead,0.000001,kg/m3,nawi,source
solaire,baseline,solaire_graywater,magnesium,0.027,kg/m3,nawi,source
solaire,baseline,solaire_graywater,manganese,0.0000526,kg/m3,nawi,source
solaire,baseline,solaire_graywater,mercury,0.000001,kg/m3,nawi,source
solaire,baseline,solaire_graywater,nickel,0.00000466,kg/m3,nawi,source
solaire,baseline,solaire_graywater,nitrate,0.04,kg/m3,nawi,source
solaire,baseline,solaire_graywater,nitrate_as_nitrogen,0.00864,kg/m3,nawi,source
solaire,baseline,solaire_graywater,nitrite_as_nitrogen,0.00069,kg/m3,nawi,source
solaire,baseline,solaire_graywater,ph_max,7.28,pH,nawi,source
solaire,baseline,solaire_graywater,ph_min,7.28,pH,nawi,source
solaire,baseline,solaire_graywater,phosphates,0.00052,kg/m3,nawi,source
solaire,baseline,solaire_graywater,potassium,0.01897,kg/m3,nawi,source
solaire,baseline,solaire_graywater,selenium,0.00000106,kg/m3,nawi,source
solaire,baseline,solaire_graywater,silicon,0.02104,kg/m3,nawi,source
solaire,baseline,solaire_graywater,silver,0.000001,kg/m3,nawi,source
solaire,baseline,solaire_graywater,sodium,0.23158,kg/m3,nawi,source
solaire,baseline,solaire_graywater,sulfate,0.18825,kg/m3,nawi,source
solaire,baseline,solaire_graywater,tds,0.98555,kg/m3,nawi,source
solaire,baseline,solaire_graywater,toc,0.00953,kg/m3,nawi,source
solaire,baseline,solaire_graywater,total_coliforms_fecal_ecoli,294.19623,kg/m3,nawi,source
solaire,baseline,solaire_graywater,trihalomethanes,0.00000032,kg/m3,nawi,source
solaire,baseline,solaire_graywater,tss,0.006525,kg/m3,nawi,source
solaire,baseline,solaire_graywater,turbidity,0.0016,kg/m3,nawi,source
solaire,baseline,solaire_graywater,zinc,0.0000153,kg/m3,nawi,source
solaire,baseline,solaire_stormwater,aluminum,0.00000616,kg/m3,nawi,source
solaire,baseline,solaire_stormwater,arsenic,0.00000051,kg/m3,nawi,source
solaire,baseline,solaire_stormwater,barium,0.0000452,kg/m3,nawi,source
solaire,baseline,solaire_stormwater,boron,0.0004,kg/m3,nawi,source
solaire,baseline,solaire_stormwater,bromide,0.000001,kg/m3,nawi,source
solaire,baseline,solaire_stormwater,calcium,0.08045,kg/m3,nawi,source
solaire,baseline,solaire_stormwater,chloride,0.29792,kg/m3,nawi,source
solaire,baseline,solaire_stormwater,chromium,0.00000019,kg/m3,nawi,source
solaire,baseline,solaire_stormwater,cyanide_as_free,0.00000267,kg/m3,nawi,source
solaire,baseline,solaire_stormwater,electrical_conductivity,0.17,S/m,nawi,source
solaire,baseline,solaire_stormwater,flow,0.000438,m3/s,nawi,source
solaire,baseline,solaire_stormwater,fluoride,0.00097,kg/m3,nawi,source
solaire,baseline,solaire_stormwater,hardness,0.312,kg/m3,nawi,source
solaire,baseline,solaire_stormwater,iron,0.000302,kg/m3,nawi,source
solaire,baseline,solaire_stormwater,lead,0.000001,kg/m3,nawi,source
solaire,baseline,solaire_stormwater,magnesium,0.02701,kg/m3,nawi,source
solaire,baseline,solaire_stormwater,manganese,0.0000526,kg/m3,nawi,source
solaire,baseline,solaire_stormwater,mercury,0.000001,kg/m3,nawi,source
solaire,baseline,solaire_stormwater,nickel,0.00000466,kg/m3,nawi,source
solaire,baseline,solaire_stormwater,nitrate_as_nitrogen,0.00864,kg/m3,nawi,source
solaire,baseline,solaire_stormwater,nitrite_as_nitrogen,0.00069,kg/m3,nawi,source
solaire,baseline,solaire_stormwater,ph_max,7.28,pH,nawi,source
solaire,baseline,solaire_stormwater,ph_min,7.28,pH,nawi,source
solaire,baseline,solaire_stormwater,phosphates,0.00052,kg/m3,nawi,source
solaire,baseline,solaire_stormwater,potassium,0.01897,kg/m3,nawi,source
solaire,baseline,solaire_stormwater,selenium,0.00000106,kg/m3,nawi,source
solaire,baseline,solaire_stormwater,silicon,0.02104,kg/m3,nawi,source
solaire,baseline,solaire_stormwater,silver,0.000001,kg/m3,nawi,source
solaire,baseline,solaire_stormwater,sodium,0.23158,kg/m3,nawi,source
solaire,baseline,solaire_stormwater,sulfate,0.188,kg/m3,nawi,source
solaire,baseline,solaire_stormwater,tds,0.98555,kg/m3,nawi,source
solaire,baseline,solaire_stormwater,toc,0.00953,kg/m3,nawi,source
solaire,baseline,solaire_stormwater,total_coliforms_fecal_ecoli,294.19623,kg/m3,nawi,source
solaire,baseline,solaire_stormwater,trihalomethanes,0.00000032,kg/m3,nawi,source
solaire,baseline,solaire_stormwater,tss,0.00653,kg/m3,nawi,source
solaire,baseline,solaire_stormwater,turbidity,0.0016,kg/m3,nawi,source
solaire,baseline,solaire_stormwater,zinc,0.0000153,kg/m3,nawi,source
tampa_bay,baseline,seawater,boron,0.00377143,kg/m3,nawi,source
tampa_bay,baseline,seawater,bromide,0.05682857,kg/m3,nawi,source
tampa_bay,baseline,seawater,calcium,0.35108571,kg/m3,nawi,source
tampa_bay,baseline,seawater,chloride,16.4245714,kg/m3,nawi,source
tampa_bay,baseline,seawater,flow,1.92775,m3/s,nawi,source
tampa_bay,baseline,seawater,magnesium,1.09542857,kg/m3,nawi,source
tampa_bay,baseline,seawater,ph_max,7,pH,nawi,source
tampa_bay,baseline,seawater,ph_min,7,pH,nawi,source
tampa_bay,baseline,seawater,potassium,0.33882857,kg/m3,nawi,source
tampa_bay,baseline,seawater,sodium,9.15342857,kg/m3,nawi,source
tampa_bay,baseline,seawater,strontium,0.00111429,kg/m3,nawi,source
tampa_bay,baseline,seawater,sulfate,2.29714286,kg/m3,nawi,source
tampa_bay,baseline,seawater,tds,30,kg/m3,nawi,source
tampa_bay,baseline,seawater,tss,0.02571429,kg/m3,nawi,source
tuscarora,baseline,tuscarora_brine,alkalinity_as_caco3,0.26,kg/m3,nawi,source
tuscarora,baseline,tuscarora_brine,calcium,0.003,kg/m3,nawi,source
tuscarora,baseline,tuscarora_brine,chloride,0.0199,kg/m3,nawi,source
tuscarora,baseline,tuscarora_brine,electrical_conductivity,801,S/m,nawi,source
tuscarora,baseline,tuscarora_brine,flow,0.007,m3/s,nawi,source
tuscarora,baseline,tuscarora_brine,flow,0.007,m3/s,nawi,source
tuscarora,baseline,tuscarora_brine,magnesium,0.00004,kg/m3,nawi,source
tuscarora,baseline,tuscarora_brine,ph_max,6.05,pH,nawi,source
tuscarora,baseline,tuscarora_brine,ph_min,6.05,pH,nawi,source
tuscarora,baseline,tuscarora_brine,potassium,0.0154,kg/m3,nawi,source
tuscarora,baseline,tuscarora_brine,silicon,0.0948,kg/m3,nawi,source
tuscarora,baseline,tuscarora_brine,silicon_dioxide,0.22,kg/m3,nawi,source
tuscarora,baseline,tuscarora_brine,sodium,0.1278,kg/m3,nawi,source
tuscarora,baseline,tuscarora_brine,sulfate,0.0501,kg/m3,nawi,source
tuscarora,baseline,tuscarora_brine,sulfur,0.0296,kg/m3,nawi,source
tuscarora,baseline,tuscarora_brine,tds,1.855,kg/m3,nawi,source
tuscarora,baseline,tuscarora_brine,toc,0.00052,kg/m3,nawi,source
tuscarora,baseline,tuscarora_make_up,alkalinity_as_caco3,0.084,kg/m3,nawi,source
tuscarora,baseline,tuscarora_make_up,calcium,0.0096,kg/m3,nawi,source
tuscarora,baseline,tuscarora_make_up,chloride,0.0083,kg/m3,nawi,source
tuscarora,baseline,tuscarora_make_up,electrical_conductivity,188,S/m,nawi,source
tuscarora,baseline,tuscarora_make_up,flow,0.038,m3/s,nawi,source
tuscarora,baseline,tuscarora_make_up,magnesium,0.0024,kg/m3,nawi,source
tuscarora,baseline,tuscarora_make_up,nitrate_as_nitrogen,0.0036,kg/m3,nawi,source
tuscarora,baseline,tuscarora_make_up,ph_max,6.64,pH,nawi,source
tuscarora,baseline,tuscarora_make_up,ph_min,6.64,pH,nawi,source
tuscarora,baseline,tuscarora_make_up,potassium,0.0089,kg/m3,nawi,source
tuscarora,baseline,tuscarora_make_up,silicon,0.0402,kg/m3,nawi,source
tuscarora,baseline,tuscarora_make_up,silicon_dioxide,0.09,kg/m3,nawi,source
tuscarora,baseline,tuscarora_make_up,sodium,0.0235,kg/m3,nawi,source
tuscarora,baseline,tuscarora_make_up,sulfate,0.0124,kg/m3,nawi,source
tuscarora,baseline,tuscarora_make_up,sulfur,0.0044,kg/m3,nawi,source
tuscarora,baseline,tuscarora_make_up,tds,1.14,kg/m3,nawi,source
tuscarora,baseline,tuscarora_make_up,toc,0.00023,kg/m3,nawi,source
upw,baseline,fab25,flow,0.0505,m3/s,nawi,source
upw,baseline,fab25,tds,1.14,kg/m3,nawi,source
upw,baseline,fab25,toc,0.00023,kg/m3,nawi,source
upw,baseline,fab25_x,alkalinity_as_caco3,0.084,kg/m3,nawi,source
upw,baseline,fab25_x,calcium,0.0096,kg/m3,nawi,source
upw,baseline,fab25_x,chloride,8.30E-03,kg/m3,nawi,source
upw,baseline,fab25_x,electrical_conductivity,188,S/m,nawi,source
upw,baseline,fab25_x,magnesium,0.0024,kg/m3,nawi,source
upw,baseline,fab25_x,nitrate_as_nitrogen,0.0036,kg/m3,nawi,source
upw,baseline,fab25_x,ph_max,6.64,pH,nawi,source
upw,baseline,fab25_x,ph_min,6.64,pH,nawi,source
upw,baseline,fab25_x,potassium,0.0089,kg/m3,nawi,source
upw,baseline,fab25_x,silicon,0.0402,kg/m3,nawi,source
upw,baseline,fab25_x,silicon_dioxide,0.09,kg/m3,nawi,source
upw,baseline,fab25_x,sodium,0.0235,kg/m3,nawi,source
upw,baseline,fab25_x,sulfate,1.24E-02,kg/m3,nawi,source
upw,baseline,fab25_x,sulfur,0.0044,kg/m3,nawi,source
uranium,baseline,uranium_active,flow,0.37853,m3/s,nawi,source
uranium,baseline,uranium_active,tds,2,kg/m3,nawi,source
uranium,baseline,uranium_restore,flow,0.04377,m3/s,nawi,source
uranium,baseline,uranium_restore,tds,2,kg/m3,nawi,source
vogtle,baseline,nuclear_raw_outfall,bod30,0.0028,kg/m3,nawi,source
vogtle,baseline,nuclear_raw_outfall,flow,0.17,m3/s,nawi,source
vogtle,baseline,nuclear_raw_outfall,thallium,0.0423,kg/m3,nawi,source
vogtle,baseline,nuclear_raw_outfall,trace_organic_chemicals_torc,0.0108,kg/m3,nawi,source
vogtle,baseline,nuclear_raw_outfall,tss,0.0185,kg/m3,nawi,source
vogtle,baseline,savannah_river_water,bod,0.002,kg/m3,nawi,source
vogtle,baseline,savannah_river_water,chemical_oxygen_demand_cod,0.01,kg/m3,nawi,source
vogtle,baseline,savannah_river_water,flow,5.804297,m3/s,nawi,source
vogtle,baseline,savannah_river_water,toc,0.00266,kg/m3,nawi,source
vogtle,baseline,savannah_river_water,tss,0.008,kg/m3,nawi,source