case_study,scenario,value,reference,variable
ashkelon,baseline,2020,nawi,analysis_year
ashkelon,baseline,israel,nawi,location_basis
ashkelon,baseline,20,nawi,plant_life_yrs
ashkelon,baseline,0.0015,nawi,land_cost_percent
ashkelon,baseline,0.05,nawi,working_capital_percent
ashkelon,baseline,0.001,nawi,salaries_percent
ashkelon,baseline,0.9,nawi,employee_benefits_percent
ashkelon,baseline,0.008,nawi,maintenance_cost_percent
ashkelon,baseline,0.003,nawi,laboratory_fees_percent
ashkelon,baseline,0.002,nawi,insurance_and_taxes_percent
ashkelon,baseline,0.7,nawi,default_cap_scaling_exp
ashkelon,baseline,0.7,nawi,default_opex_scaling_exp
ashkelon,baseline,0,nawi,cap_by_equity
ashkelon,baseline,0.05,nawi,debt_interest_rate
ashkelon,baseline,0.1,nawi,exp_return_on_equity
ashkelon,baseline,3.4,nawi,default_tpec_multiplier
ashkelon,baseline,1.65,nawi,default_tic_multiplier
ashkelon,baseline,0.0005,nawi,base_salary_per_fci
ashkelon,baseline,1,nawi,plant_cap_utilization
beef,baseline,2020,nawi,analysis_year
beef,baseline,illinois,nawi,location_basis
beef,baseline,20,nawi,plant_life_yrs
beef,baseline,0.0015,nawi,land_cost_percent
beef,baseline,0.05,nawi,working_capital_percent
beef,baseline,0.001,nawi,salaries_percent
beef,baseline,0.9,nawi,employee_benefits_percent
beef,baseline,0.008,nawi,maintenance_cost_percent
beef,baseline,0.002667,nawi,laboratory_fees_percent
beef,baseline,0.001867,nawi,insurance_and_taxes_percent
beef,baseline,0.7,nawi,default_cap_scaling_exp
beef,baseline,0.7,nawi,default_opex_scaling_exp
beef,baseline,0.4,nawi,cap_by_equity
beef,baseline,0.08,nawi,debt_interest_rate
beef,baseline,0.1,nawi,exp_return_on_equity
beef,baseline,3.4,nawi,default_tpec_multiplier
beef,baseline,1.65,nawi,default_tic_multiplier
beef,baseline,0.0005,nawi,base_salary_per_fci
beef,baseline,1,nawi,plant_cap_utilization
big_spring,baseline,2020,nawi,analysis_year
big_spring,baseline,texas,nawi,location_basis
big_spring,baseline,30,nawi,plant_life_yrs
big_spring,baseline,0.0015,nawi,land_cost_percent
big_spring,baseline,0.05,nawi,working_capital_percent
big_spring,baseline,0.001,nawi,salaries_percent
big_spring,baseline,0.9,nawi,employee_benefits_percent
big_spring,baseline,0.008,nawi,maintenance_cost_percent
big_spring,baseline,0.003,nawi,laboratory_fees_percent
big_spring,baseline,0.002,nawi,insurance_and_taxes_percent
big_spring,baseline,0.7,nawi,default_cap_scaling_exp
big_spring,baseline,0.7,nawi,default_opex_scaling_exp
big_spring,baseline,0,nawi,cap_by_equity
big_spring,baseline,0.05,nawi,debt_interest_rate
big_spring,baseline,0.1,nawi,exp_return_on_equity
big_spring,baseline,3.4,nawi,default_tpec_multiplier
big_spring,baseline,1.65,nawi,default_tic_multiplier
big_spring,baseline,0.0005,nawi,base_salary_per_fci
big_spring,baseline,1,nawi,plant_cap_utilization
carlsbad,baseline,2020,nawi,analysis_year
carlsbad,baseline,california,nawi,location_basis
carlsbad,baseline,20,nawi,plant_life_yrs
carlsbad,baseline,0.0015,nawi,land_cost_percent
carlsbad,baseline,0.05,nawi,working_capital_percent
carlsbad,baseline,0.001,nawi,salaries_percent
carlsbad,baseline,0.9,nawi,employee_benefits_percent
carlsbad,baseline,0.008,nawi,maintenance_cost_percent
carlsbad,baseline,0.003,nawi,laboratory_fees_percent
carlsbad,baseline,0.002,nawi,insurance_and_taxes_percent
carlsbad,baseline,0.7,nawi,default_cap_scaling_exp
carlsbad,baseline,0.7,nawi,default_opex_scaling_exp
carlsbad,baseline,0,nawi,cap_by_equity
carlsbad,baseline,0.05,nawi,debt_interest_rate
carlsbad,baseline,0.1,nawi,exp_return_on_equity
carlsbad,baseline,3.4,nawi,default_tpec_multiplier
carlsbad,baseline,1.65,nawi,default_tic_multiplier
carlsbad,baseline,0.0005,nawi,base_salary_per_fci
carlsbad,baseline,1,nawi,plant_cap_utilization
cherokee,baseline,2020,nawi,analysis_year
cherokee,baseline,colorado,nawi,location_basis
cherokee,baseline,30,nawi,plant_life_yrs
cherokee,baseline,0.0015,nawi,land_cost_percent
cherokee,baseline,0.05,nawi,working_capital_percent
cherokee,baseline,0.001,nawi,salaries_percent
cherokee,baseline,0.9,nawi,employee_benefits_percent
cherokee,baseline,0.008,nawi,maintenance_cost_percent
cherokee,baseline,0.003,nawi,laboratory_fees_percent
cherokee,baseline,0.002,nawi,insurance_and_taxes_percent
cherokee,baseline,0.7,nawi,default_cap_scaling_exp
cherokee,baseline,0.7,nawi,default_opex_scaling_exp
cherokee,baseline,0.4,nawi,cap_by_equity
cherokee,baseline,0.08,nawi,debt_interest_rate
cherokee,baseline,0.1,nawi,exp_return_on_equity
cherokee,baseline,3.4,nawi,default_tpec_multiplier
cherokee,baseline,1.65,nawi,default_tic_multiplier
cherokee,baseline,0.0005,nawi,base_salary_per_fci
cherokee,baseline,1,nawi,plant_cap_utilization
damodar,baseline,2020,nawi,analysis_year
damodar,baseline,wyoming,nawi,location_basis
damodar,baseline,30,nawi,plant_life_yrs
damodar,baseline,0.0015,nawi,land_cost_percent
damodar,baseline,0.05,nawi,working_capital_percent
damodar,baseline,0.001,nawi,salaries_percent
damodar,baseline,0.9,nawi,employee_benefits_percent
damodar,baseline,0.008,nawi,maintenance_cost_percent
damodar,baseline,0.003,nawi,laboratory_fees_percent
damodar,baseline,0.002,nawi,insurance_and_taxes_percent
damodar,baseline,0.7,nawi,default_cap_scaling_exp
damodar,baseline,0.7,nawi,default_opex_scaling_exp
damodar,baseline,0,nawi,cap_by_equity
damodar,baseline,0.05,nawi,debt_interest_rate
damodar,baseline,0.1,nawi,exp_return_on_equity
damodar,baseline,3.4,nawi,default_tpec_multiplier
damodar,baseline,1.65,nawi,default_tic_multiplier
damodar,baseline,0.0005,nawi,base_salary_per_fci
damodar,baseline,1,nawi,plant_cap_utilization
emwd,baseline,2020,nawi,analysis_year
emwd,baseline,california,nawi,location_basis
emwd,baseline,30,nawi,plant_life_yrs
emwd,baseline,0.0015,nawi,land_cost_percent
emwd,baseline,0.05,nawi,working_capital_percent
emwd,baseline,0.001,nawi,salaries_percent
emwd,baseline,0.9,nawi,employee_benefits_percent
emwd,baseline,0.008,nawi,maintenance_cost_percent
emwd,baseline,0.003,nawi,laboratory_fees_percent
emwd,baseline,0.002,nawi,insurance_and_taxes_percent
emwd,baseline,0.7,nawi,default_cap_scaling_exp
emwd,baseline,0.7,nawi,default_opex_scaling_exp
emwd,baseline,0,nawi,cap_by_equity
emwd,baseline,0.05,nawi,debt_interest_rate
emwd,baseline,0.1,nawi,exp_return_on_equity
emwd,baseline,3.4,nawi,default_tpec_multiplier
emwd,baseline,1.65,nawi,default_tic_multiplier
emwd,baseline,0.0005,nawi,base_salary_per_fci
emwd,baseline,1,nawi,plant_cap_utilization
gila_river,baseline,1,nawi,plant_cap_utilization
gila_river,baseline,2020,nawi,analysis_year
gila_river,baseline,arizona,nawi,location_basis
gila_river,baseline,30,nawi,plant_life_yrs
gila_river,baseline,0.0015,nawi,land_cost_percent
gila_river,baseline,0.05,nawi,working_capital_percent
gila_river,baseline,0.001,nawi,salaries_percent
gila_river,baseline,0.9,nawi,employee_benefits_percent
gila_river,baseline,0.008,nawi,maintenance_cost_percent
gila_river,baseline,0.003,nawi,laboratory_fees_percent
gila_river,baseline,0.002,nawi,insurance_and_taxes_percent
gila_river,baseline,0.7,nawi,default_cap_scaling_exp
gila_river,baseline,0.7,nawi,default_opex_scaling_exp
gila_river,baseline,0.4,nawi,cap_by_equity
gila_river,baseline,0.08,nawi,debt_interest_rate
gila_river,baseline,0.1,nawi,exp_return_on_equity
gila_river,baseline,3.4,nawi,default_tpec_multiplier
gila_river,baseline,1.65,nawi,default_tic_multiplier
gila_river,baseline,0.0005,nawi,base_salary_per_fci
heap_leaching,baseline,2020,nawi,analysis_year
heap_leaching,baseline,arizona,nawi,location_basis
heap_leaching,baseline,30,nawi,plant_life_yrs
heap_leaching,baseline,0.0015,nawi,land_cost_percent
heap_leaching,baseline,0.05,nawi,working_capital_percent
heap_leaching,baseline,0.001,nawi,salaries_percent
heap_leaching,baseline,0.9,nawi,employee_benefits_percent
heap_leaching,baseline,0.008,nawi,maintenance_cost_percent
heap_leaching,baseline,0.003,nawi,laboratory_fees_percent
heap_leaching,baseline,0.002,nawi,insurance_and_taxes_percent
heap_leaching,baseline,0.7,nawi,default_cap_scaling_exp
heap_leaching,baseline,0.7,nawi,default_opex_scaling_exp
heap_leaching,baseline,0.4,nawi,cap_by_equity
heap_leaching,baseline,0.08,nawi,debt_interest_rate
heap_leaching,baseline,0.1,nawi,exp_return_on_equity
heap_leaching,baseline,3.4,nawi,default_tpec_multiplier
heap_leaching,baseline,1.65,nawi,default_tic_multiplier
heap_leaching,baseline,0.0005,nawi,base_salary_per_fci
heap_leaching,baseline,1,nawi,plant_cap_utilization
hrsd,baseline,2020,nawi,analysis_year
hrsd,baseline,virginia,nawi,location_basis
hrsd,baseline,30,nawi,plant_life_yrs
hrsd,baseline,0.0015,nawi,land_cost_percent
hrsd,baseline,0.05,nawi,working_capital_percent
hrsd,baseline,0.001,nawi,salaries_percent
hrsd,baseline,0.9,nawi,employee_benefits_percent
hrsd,baseline,0.008,nawi,maintenance_cost_percent
hrsd,baseline,0.003,nawi,laboratory_fees_percent
hrsd,baseline,0.002,nawi,insurance_and_taxes_percent
hrsd,baseline,0.7,nawi,default_cap_scaling_exp
hrsd,baseline,0.7,nawi,default_opex_scaling_exp
hrsd,baseline,0,nawi,cap_by_equity
hrsd,baseline,0.05,nawi,debt_interest_rate
hrsd,baseline,0.1,nawi,exp_return_on_equity
hrsd,baseline,3.4,nawi,default_tpec_multiplier
hrsd,baseline,1.65,nawi,default_tic_multiplier
hrsd,baseline,0.0005,nawi,base_salary_per_fci
hrsd,baseline,1,nawi,plant_cap_utilization
iatan,baseline,2020,nawi,analysis_year
iatan,baseline,missouri,nawi,location_basis
iatan,baseline,30,nawi,plant_life_yrs
iatan,baseline,0.0015,nawi,land_cost_percent
iatan,baseline,0.05,nawi,working_capital_percent
iatan,baseline,0.001,nawi,salaries_percent
iatan,baseline,0.9,nawi,employee_benefits_percent
iatan,baseline,0.008,nawi,maintenance_cost_percent
iatan,baseline,0.003,nawi,laboratory_fees_percent
iatan,baseline,0.002,nawi,insurance_and_taxes_percent
iatan,baseline,0.7,nawi,default_cap_scaling_exp
iatan,baseline,0.7,nawi,default_opex_scaling_exp
iatan,baseline,0.4,nawi,cap_by_equity
iatan,baseline,0.08,nawi,debt_interest_rate
iatan,baseline,0.1,nawi,exp_return_on_equity
iatan,baseline,3.4,nawi,default_tpec_multiplier
iatan,baseline,1.65,nawi,default_tic_multiplier
iatan,baseline,0.0005,nawi,base_salary_per_fci
iatan,baseline,1,nawi,plant_cap_utilization
iron_and_steel_a,baseline,2020,nawi,analysis_year
iron_and_steel_a,baseline,ohio,nawi,location_basis
iron_and_steel_a,baseline,30,nawi,plant_life_yrs
iron_and_steel_a,baseline,0.0015,nawi,land_cost_percent
iron_and_steel_a,baseline,0.05,nawi,working_capital_percent
iron_and_steel_a,baseline,0.001,nawi,salaries_percent
iron_and_steel_a,baseline,0.9,nawi,employee_benefits_percent
iron_and_steel_a,baseline,0.008,nawi,maintenance_cost_percent
iron_and_steel_a,baseline,0.003,nawi,laboratory_fees_percent
iron_and_steel_a,baseline,0.002,nawi,insurance_and_taxes_percent
iron_and_steel_a,baseline,0.7,nawi,default_cap_scaling_exp
iron_and_steel_a,baseline,0.7,nawi,default_opex_scaling_exp
iron_and_steel_a,baseline,0.4,nawi,cap_by_equity
iron_and_steel_a,baseline,0.08,nawi,debt_interest_rate
iron_and_steel_a,baseline,0.1,nawi,exp_return_on_equity
iron_and_steel_a,baseline,3.4,nawi,default_tpec_multiplier
iron_and_steel_a,baseline,1.65,nawi,default_tic_multiplier
iron_and_steel_a,baseline,0.0005,nawi,base_salary_per_fci
iron_and_steel_a,baseline,1,nawi,plant_cap_utilization
iron_and_steel_b,baseline,2020,nawi,analysis_year
iron_and_steel_b,baseline,ohio,nawi,location_basis
iron_and_steel_b,baseline,30,nawi,plant_life_yrs
iron_and_steel_b,baseline,0.0015,nawi,land_cost_percent
iron_and_steel_b,baseline,0.05,nawi,working_capital_percent
iron_and_steel_b,baseline,0.001,nawi,salaries_percent
iron_and_steel_b,baseline,0.9,nawi,employee_benefits_percent
iron_and_steel_b,baseline,0.008,nawi,maintenance_cost_percent
iron_and_steel_b,baseline,0.003,nawi,laboratory_fees_percent
iron_and_steel_b,baseline,0.002,nawi,insurance_and_taxes_percent
iron_and_steel_b,baseline,0.7,nawi,default_cap_scaling_exp
iron_and_steel_b,baseline,0.7,nawi,default_opex_scaling_exp
iron_and_steel_b,baseline,0.4,nawi,cap_by_equity
iron_and_steel_b,baseline,0.08,nawi,debt_interest_rate
iron_and_steel_b,baseline,0.1,nawi,exp_return_on_equity
iron_and_steel_b,baseline,3.4,nawi,default_tpec_multiplier
iron_and_steel_b,baseline,1.65,nawi,default_tic_multiplier
iron_and_steel_b,baseline,0.0005,nawi,base_salary_per_fci
iron_and_steel_b,baseline,1,nawi,plant_cap_utilization
irwin,baseline,2020,nawi,analysis_year
irwin,baseline,california,nawi,location_basis
irwin,baseline,30,nawi,plant_life_yrs
irwin,baseline,0.0015,nawi,land_cost_percent
irwin,baseline,0.05,nawi,working_capital_percent
irwin,baseline,0.001,nawi,salaries_percent
irwin,baseline,0.9,nawi,employee_benefits_percent
irwin,baseline,0.008,nawi,maintenance_cost_percent
irwin,baseline,0.003,nawi,laboratory_fees_percent
irwin,baseline,0.002,nawi,insurance_and_taxes_percent
irwin,baseline,0.7,nawi,default_cap_scaling_exp
irwin,baseline,0.7,nawi,default_opex_scaling_exp
irwin,baseline,0,nawi,cap_by_equity
irwin,baseline,0.05,nawi,debt_interest_rate
irwin,baseline,0.1,nawi,exp_return_on_equity
irwin,baseline,3.4,nawi,default_tpec_multiplier
irwin,baseline,1.65,nawi,default_tic_multiplier
irwin,baseline,0.0005,nawi,base_salary_per_fci
irwin,baseline,1,nawi,plant_cap_utilization
kbhdp,baseline,2020,nawi,analysis_year
kbhdp,baseline,texas,nawi,location_basis
kbhdp,baseline,30,nawi,plant_life_yrs
kbhdp,baseline,0.0015,nawi,land_cost_percent
kbhdp,baseline,0.05,nawi,working_capital_percent
kbhdp,baseline,0.001,nawi,salaries_percent
kbhdp,baseline,0.9,nawi,employee_benefits_percent
kbhdp,baseline,0.008,nawi,maintenance_cost_percent
kbhdp,baseline,0.003,nawi,laboratory_fees_percent
kbhdp,baseline,0.002,nawi,insurance_and_taxes_percent
kbhdp,baseline,0.7,nawi,default_cap_scaling_exp
kbhdp,baseline,0.7,nawi,default_opex_scaling_exp
kbhdp,baseline,0,nawi,cap_by_equity
kbhdp,baseline,0.05,nawi,debt_interest_rate
kbhdp,baseline,0.1,nawi,exp_return_on_equity
kbhdp,baseline,3.4,nawi,default_tpec_multiplier
kbhdp,baseline,1.65,nawi,default_tic_multiplier
kbhdp,baseline,0.0005,nawi,base_salary_per_fci
kbhdp,baseline,1,nawi,plant_cap_utilization
kern_county,baseline,2020,nawi,analysis_year
kern_county,baseline,california,nawi,location_basis
kern_county,baseline,30,nawi,plant_life_yrs
kern_county,baseline,0.0015,nawi,land_cost_percent
kern_county,baseline,0.05,nawi,working_capital_percent
kern_county,baseline,0.001,nawi,salaries_percent
kern_county,baseline,0.9,nawi,employee_benefits_percent
kern_county,baseline,0.008,nawi,maintenance_cost_percent
kern_county,baseline,0.003,nawi,laboratory_fees_percent
kern_county,baseline,0.002,nawi,insurance_and_taxes_percent
kern_county,baseline,0.7,nawi,default_cap_scaling_exp
kern_county,baseline,0.7,nawi,default_opex_scaling_exp
kern_county,baseline,0.4,nawi,cap_by_equity
kern_county,baseline,0.04,nawi,debt_interest_rate
kern_county,baseline,0.1,nawi,exp_return_on_equity
kern_county,baseline,3.4,nawi,default_tpec_multiplier
kern_county,baseline,1.65,nawi,default_tic_multiplier
kern_county,baseline,0.0005,nawi,base_salary_per_fci
kern_county,baseline,1,nawi,plant_cap_utilization
lithium,baseline,2020,nawi,analysis_year
lithium,baseline,north carolina,nawi,location_basis
lithium,baseline,30,nawi,plant_life_yrs
lithium,baseline,0.0015,nawi,land_cost_percent
lithium,baseline,0.05,nawi,working_capital_percent
lithium,baseline,0.001,nawi,salaries_percent
lithium,baseline,0.9,nawi,employee_benefits_percent
lithium,baseline,0.008,nawi,maintenance_cost_percent
lithium,baseline,0.003,nawi,laboratory_fees_percent
lithium,baseline,0.002,nawi,insurance_and_taxes_percent
lithium,baseline,0.7,nawi,default_cap_scaling_exp
lithium,baseline,0.7,nawi,default_opex_scaling_exp
lithium,baseline,0.4,nawi,cap_by_equity
lithium,baseline,0.08,nawi,debt_interest_rate
lithium,baseline,0.1,nawi,exp_return_on_equity
lithium,baseline,3.4,nawi,default_tpec_multiplier
lithium,baseline,1.65,nawi,default_tic_multiplier
lithium,baseline,0.0005,nawi,base_salary_per_fci
lithium,baseline,1,nawi,plant_cap_utilization
monterey_one,baseline,2020,nawi,analysis_year
monterey_one,baseline,california,nawi,location_basis
monterey_one,baseline,30,nawi,plant_life_yrs
monterey_one,baseline,0.0015,nawi,land_cost_percent
monterey_one,baseline,0.05,nawi,working_capital_percent
monterey_one,baseline,0.001,nawi,salaries_percent
monterey_one,baseline,0.9,nawi,employee_benefits_percent
monterey_one,baseline,0.008,nawi,maintenance_cost_percent
monterey_one,baseline,0.003,nawi,laboratory_fees_percent
monterey_one,baseline,0.002,nawi,insurance_and_taxes_percent
monterey_one,baseline,0.7,nawi,default_cap_scaling_exp
monterey_one,baseline,0.7,nawi,default_opex_scaling_exp
monterey_one,baseline,0,nawi,cap_by_equity
monterey_one,baseline,0.05,nawi,debt_interest_rate
monterey_one,baseline,0.1,nawi,exp_return_on_equity
monterey_one,baseline,3.4,nawi,default_tpec_multiplier
monterey_one,baseline,1.65,nawi,default_tic_multiplier
monterey_one,baseline,0.0005,nawi,base_salary_per_fci
monterey_one,baseline,0.78,nawi,plant_cap_utilization
ocwd,baseline,2020,nawi,analysis_year
ocwd,baseline,california,nawi,location_basis
ocwd,baseline,35,nawi,plant_life_yrs
ocwd,baseline,0.0015,nawi,land_cost_percent
ocwd,baseline,0.05,nawi,working_capital_percent
ocwd,baseline,0.001,nawi,salaries_percent
ocwd,baseline,0.9,nawi,employee_benefits_percent
ocwd,baseline,0.008,nawi,maintenance_cost_percent
ocwd,baseline,0.003,nawi,laboratory_fees_percent
ocwd,baseline,0.002,nawi,insurance_and_taxes_percent
ocwd,baseline,0.7,nawi,default_cap_scaling_exp
ocwd,baseline,0.7,nawi,default_opex_scaling_exp
ocwd,baseline,0,nawi,cap_by_equity
ocwd,baseline,0.02,nawi,debt_interest_rate
ocwd,baseline,0.1,nawi,exp_return_on_equity
ocwd,baseline,3.4,nawi,default_tpec_multiplier
ocwd,baseline,1.65,nawi,default_tic_multiplier
ocwd,baseline,0.0005,nawi,base_salary_per_fci
ocwd,baseline,0.93,nawi,plant_cap_utilization
produced_water_injection,baseline,2020,nawi,analysis_year
produced_water_injection,baseline,texas,nawi,location_basis
produced_water_injection,baseline,15,nawi,plant_life_yrs
produced_water_injection,baseline,0.0015,nawi,land_cost_percent
produced_water_injection,baseline,0.05,nawi,working_capital_percent
produced_water_injection,baseline,0.001,nawi,salaries_percent
produced_water_injection,baseline,0.9,nawi,employee_benefits_percent
produced_water_injection,baseline,0.008,nawi,maintenance_cost_percent
produced_water_injection,baseline,0.002667,nawi,laboratory_fees_percent
produced_water_injection,baseline,0.001867,nawi,insurance_and_taxes_percent
produced_water_injection,baseline,0.7,nawi,default_cap_scaling_exp
produced_water_injection,baseline,0.7,nawi,default_opex_scaling_exp
produced_water_injection,baseline,0.4,nawi,cap_by_equity
produced_water_injection,baseline,0.08,nawi,debt_interest_rate
produced_water_injection,baseline,0.1,nawi,exp_return_on_equity
produced_water_injection,baseline,3.4,nawi,default_tpec_multiplier
produced_water_injection,baseline,1.65,nawi,default_tic_multiplier
produced_water_injection,baseline,0.0005,nawi,base_salary_per_fci
produced_water_injection,baseline,1,nawi,plant_cap_utilization
pulp_and_paper,baseline,2020,nawi,analysis_year
pulp_and_paper,baseline,washington,nawi,location_basis
pulp_and_paper,baseline,20,nawi,plant_life_yrs
pulp_and_paper,baseline,0.0015,nawi,land_cost_percent
pulp_and_paper,baseline,0.05,nawi,working_capital_percent
pulp_and_paper,baseline,0.001,nawi,salaries_percent
pulp_and_paper,baseline,0.9,nawi,employee_benefits_percent
pulp_and_paper,baseline,0.008,nawi,maintenance_cost_percent
pulp_and_paper,baseline,0.003,nawi,laboratory_fees_percent
pulp_and_paper,baseline,0.002,nawi,insurance_and_taxes_percent
pulp_and_paper,baseline,0.7,nawi,default_cap_scaling_exp
pulp_and_paper,baseline,0.7,nawi,default_opex_scaling_exp
pulp_and_paper,baseline,0.4,nawi,cap_by_equity
pulp_and_paper,baseline,0.04,nawi,debt_interest_rate
pulp_and_paper,baseline,0.1,nawi,exp_return_on_equity
pulp_and_paper,baseline,3.4,nawi,default_tpec_multiplier
pulp_and_paper,baseline,1.65,nawi,default_tic_multiplier
pulp_and_paper,baseline,0.0005,nawi,base_salary_per_fci
pulp_and_paper,baseline,1,nawi,plant_cap_utilization
san_luis,baseline,2020,nawi,analysis_year
san_luis,baseline,california,nawi,location_basis
san_luis,baseline,30,nawi,plant_life_yrs
san_luis,baseline,0.0015,nawi,land_cost_percent
san_luis,baseline,0.05,nawi,working_capital_percent
san_luis,baseline,0.001,nawi,salaries_percent
san_luis,baseline,0.9,nawi,employee_benefits_percent
san_luis,baseline,0.008,nawi,maintenance_cost_percent
san_luis,baseline,0.003,nawi,laboratory_fees_percent
san_luis,baseline,0.002,nawi,insurance_and_taxes_percent
san_luis,baseline,0.7,nawi,default_cap_scaling_exp
san_luis,baseline,0.7,nawi,default_opex_scaling_exp
san_luis,baseline,0,nawi,cap_by_equity
san_luis,baseline,0.05,nawi,debt_interest_rate
san_luis,baseline,0.1,nawi,exp_return_on_equity
san_luis,baseline,3.4,nawi,default_tpec_multiplier
san_luis,baseline,1.65,nawi,default_tic_multiplier
san_luis,baseline,0.0005,nawi,base_salary_per_fci
san_luis,baseline,1,nawi,plant_cap_utilization
santa_barbara,baseline,2020,nawi,analysis_year
santa_barbara,baseline,california,nawi,location_basis
santa_barbara,baseline,20,nawi,plant_life_yrs
santa_barbara,baseline,0.0015,nawi,land_cost_percent
santa_barbara,baseline,0.05,nawi,working_capital_percent
santa_barbara,baseline,0.001,nawi,salaries_percent
santa_barbara,baseline,0.9,nawi,employee_benefits_percent
santa_barbara,baseline,0.008,nawi,maintenance_cost_percent
santa_barbara,baseline,0.003,nawi,laboratory_fees_percent
santa_barbara,baseline,0.002,nawi,insurance_and_taxes_percent
santa_barbara,baseline,0.7,nawi,default_cap_scaling_exp
santa_barbara,baseline,0.7,nawi,default_opex_scaling_exp
santa_barbara,baseline,0,nawi,cap_by_equity
santa_barbara,baseline,0.05,nawi,debt_interest_rate
santa_barbara,baseline,0.1,nawi,exp_return_on_equity
santa_barbara,baseline,3.4,nawi,default_tpec_multiplier
santa_barbara,baseline,1.65,nawi,default_tic_multiplier
santa_barbara,baseline,0.0005,nawi,base_salary_per_fci
santa_barbara,baseline,1,nawi,plant_cap_utilization
solaire,baseline,2020,nawi,analysis_year
solaire,baseline,new york,nawi,location_basis
solaire,baseline,30,nawi,plant_life_yrs
solaire,baseline,0.0015,nawi,land_cost_percent
solaire,baseline,0.05,nawi,working_capital_percent
solaire,baseline,0.001,nawi,salaries_percent
solaire,baseline,0.9,nawi,employee_benefits_percent
solaire,baseline,0.008,nawi,maintenance_cost_percent
solaire,baseline,0.003,nawi,laboratory_fees_percent
solaire,baseline,0.002,nawi,insurance_and_taxes_percent
solaire,baseline,0.7,nawi,default_cap_scaling_exp
solaire,baseline,0.7,nawi,default_opex_scaling_exp
solaire,baseline,0,nawi,cap_by_equity
solaire,baseline,0.05,nawi,debt_interest_rate
solaire,baseline,0.1,nawi,exp_return_on_equity
solaire,baseline,3.4,nawi,default_tpec_multiplier
solaire,baseline,1.65,nawi,default_tic_multiplier
solaire,baseline,0.0005,nawi,base_salary_per_fci
solaire,baseline,1,nawi,plant_cap_utilization
tampa_bay,baseline,2020,nawi,analysis_year
tampa_bay,baseline,florida,nawi,location_basis
tampa_bay,baseline,20,nawi,plant_life_yrs
tampa_bay,baseline,0.0015,nawi,land_cost_percent
tampa_bay,baseline,0.05,nawi,working_capital_percent
tampa_bay,baseline,0.0015,nawi,salaries_percent
tampa_bay,baseline,0.9,nawi,employee_benefits_percent
tampa_bay,baseline,0.008,nawi,maintenance_cost_percent
tampa_bay,baseline,0.003,nawi,laboratory_fees_percent
tampa_bay,baseline,0.002,nawi,insurance_and_taxes_percent
tampa_bay,baseline,0.7,nawi,default_cap_scaling_exp
tampa_bay,baseline,0.7,nawi,default_opex_scaling_exp
tampa_bay,baseline,0,nawi,cap_by_equity
tampa_bay,baseline,0.05,nawi,debt_interest_rate
tampa_bay,baseline,0.1,nawi,exp_return_on_equity
tampa_bay,baseline,3.4,nawi,default_tpec_multiplier
tampa_bay,baseline,1.65,nawi,default_tic_multiplier
tampa_bay,baseline,0.0005,nawi,base_salary_per_fci
tampa_bay,baseline,0.75,nawi,plant_cap_utilization
test,baseline,2020,nawi,analysis_year
test,baseline,colorado,nawi,location_basis
test,baseline,20,nawi,plant_life_yrs
test,baseline,0.0015,nawi,land_cost_percent
test,baseline,0.05,nawi,working_capital_percent
test,baseline,0.001,nawi,salaries_percent
test,baseline,0.9,nawi,employee_benefits_percent
test,baseline,0.008,nawi,maintenance_cost_percent
test,baseline,0.003,nawi,laboratory_fees_percent
test,baseline,0.002,nawi,insurance_and_taxes_percent
test,baseline,0.7,nawi,default_cap_scaling_exp
test,baseline,0.7,nawi,default_opex_scaling_exp
test,baseline,0,nawi,cap_by_equity
test,baseline,0.05,nawi,debt_interest_rate
test,baseline,0.1,nawi,exp_return_on_equity
test,baseline,3.4,nawi,default_tpec_multiplier
test,baseline,1.65,nawi,default_tic_multiplier
test,baseline,0.0005,nawi,base_salary_per_fci
test,baseline,1,nawi,plant_cap_utilization
tuscarora,baseline,2020,nawi,analysis_year
tuscarora,baseline,nevada,nawi,location_basis
tuscarora,baseline,30,nawi,plant_life_yrs
tuscarora,baseline,0.0015,nawi,land_cost_percent
tuscarora,baseline,0.05,nawi,working_capital_percent
tuscarora,baseline,0.001,nawi,salaries_percent
tuscarora,baseline,0.9,nawi,employee_benefits_percent
tuscarora,baseline,0.008,nawi,maintenance_cost_percent
tuscarora,baseline,0.003,nawi,laboratory_fees_percent
tuscarora,baseline,0.002,nawi,insurance_and_taxes_percent
tuscarora,baseline,0.7,nawi,default_cap_scaling_exp
tuscarora,baseline,0.7,nawi,default_opex_scaling_exp
tuscarora,baseline,0.4,nawi,cap_by_equity
tuscarora,baseline,0.08,nawi,debt_interest_rate
tuscarora,baseline,0.1,nawi,exp_return_on_equity
tuscarora,baseline,3.4,nawi,default_tpec_multiplier
tuscarora,baseline,1.65,nawi,default_tic_multiplier
tuscarora,baseline,0.0005,nawi,base_salary_per_fci
tuscarora,baseline,1,nawi,plant_cap_utilization
upw,baseline,2020,nawi,analysis_year
upw,baseline,texas,nawi,location_basis
upw,baseline,30,nawi,plant_life_yrs
upw,baseline,0.0015,nawi,land_cost_percent
upw,baseline,0.05,nawi,working_capital_percent
upw,baseline,0.001,nawi,salaries_percent
upw,baseline,0.9,nawi,employee_benefits_percent
upw,baseline,0.008,nawi,maintenance_cost_percent
upw,baseline,0.003,nawi,laboratory_fees_percent
upw,baseline,0.002,nawi,insurance_and_taxes_percent
upw,baseline,0.7,nawi,default_cap_scaling_exp
upw,baseline,0.7,nawi,default_opex_scaling_exp
upw,baseline,0,nawi,cap_by_equity
upw,baseline,0.05,nawi,debt_interest_rate
upw,baseline,0.1,nawi,exp_return_on_equity
upw,baseline,3.4,nawi,default_tpec_multiplier
upw,baseline,1.65,nawi,default_tic_multiplier
upw,baseline,0.0005,nawi,base_salary_per_fci
upw,baseline,1,nawi,plant_cap_utilization
uranium,baseline,2020,nawi,analysis_year
uranium,baseline,wyoming,nawi,location_basis
uranium,baseline,30,nawi,plant_life_yrs
uranium,baseline,0.0015,nawi,land_cost_percent
uranium,baseline,0.05,nawi,working_capital_percent
uranium,baseline,0.001,nawi,salaries_percent
uranium,baseline,0.9,nawi,employee_benefits_percent
uranium,baseline,0.008,nawi,maintenance_cost_percent
uranium,baseline,0.003,nawi,laboratory_fees_percent
uranium,baseline,0.002,nawi,insurance_and_taxes_percent
uranium,baseline,0.7,nawi,default_cap_scaling_exp
uranium,baseline,0.7,nawi,default_opex_scaling_exp
uranium,baseline,0.4,nawi,cap_by_equity
uranium,baseline,0.08,nawi,debt_interest_rate
uranium,baseline,0.1,nawi,exp_return_on_equity
uranium,baseline,3.4,nawi,default_tpec_multiplier
uranium,baseline,1.65,nawi,default_tic_multiplier
uranium,baseline,0.0005,nawi,base_salary_per_fci
uranium,baseline,1,nawi,plant_cap_utilization
vogtle,baseline,2020,nawi,analysis_year
vogtle,baseline,georgia,nawi,location_basis
vogtle,baseline,30,nawi,plant_life_yrs
vogtle,baseline,0.0015,nawi,land_cost_percent
vogtle,baseline,0.05,nawi,working_capital_percent
vogtle,baseline,0.001,nawi,salaries_percent
vogtle,baseline,0.9,nawi,employee_benefits_percent
vogtle,baseline,0.008,nawi,maintenance_cost_percent
vogtle,baseline,0.003,nawi,laboratory_fees_percent
vogtle,baseline,0.002,nawi,insurance_and_taxes_percent
vogtle,baseline,0.7,nawi,default_cap_scaling_exp
vogtle,baseline,0.7,nawi,default_opex_scaling_exp
vogtle,baseline,0.4,nawi,cap_by_equity
vogtle,baseline,0.08,nawi,debt_interest_rate
vogtle,baseline,0.1,nawi,exp_return_on_equity
vogtle,baseline,3.4,nawi,default_tpec_multiplier
vogtle,baseline,1.65,nawi,default_tic_multiplier
vogtle,baseline,0.0005,nawi,base_salary_per_fci
vogtle,baseline,1,nawi,plant_cap_utilization